Sample Name,Sample SubType,Class,SiO2 (wt%),TiO2 (vol%),Al2O3 (wt%),FeO (vol%),MgO (wt%),MnO (wt%),CaO (wt%),Na2O (wt%),K2O (wt%),P2O5 (wt%),Cr2O3 (vol%),Fe (wt%),Cr (wt%),Mn (wt%),Mg (wt%),Ca (wt%),Al (wt%),Na (wt%),Ti (wt%),La (ppm),Sm (ppm),Eu (ppm),Yb (ppm),Lu (ppm),Ba (ppm),He3 (ccstp/g),He4 (ccstp/g),Ne20 (ccstp/g),Ne21 (ccstp/g),Ne22 (ccstp/g),Ar36 (ccstp/g),Ar38 (ccstp/g),Ar40 (ccstp/g),FeTOT (wt%),FeS (wt%),Fe/Mg,MnO/MgO,FeO/MgO,Al2O3/CaO,La/Lu,Eu/Sm,He3/He4,Ne21/Ne22,Ar40/Ar36,Total REE,major_oxides_mean,iron_related_mean,ree_mean,he_group_mean,ne_group_mean,ar_group_mean,lithophile_mean,siderophile_mean,all_noble_gases_mean,elemental_weight_mean,Fe_Oxidation_Index,Mg_Si_Ratio,Mafic_Index,Eu_Anomaly,Silica_Saturation_Index,Mg_Number,Volatile_Depletion_Index,Refractory_Volatile_Ratio,Metal_Silicate_Proxy
ALLEGAN,H5,H,37.37875,0.091666667,2.178333333,13.128,25.62,0.285,1.71,0.862,0.12,0.25,0.378,28.19727273,0.317222222,0.222881818,14.31166667,1.234428571,1.072888889,0.581444444,0.0555,35.494625,23.154125,9.0593375,25.412,3.81225,3.4352,9.45E-08,1.77E-05,3.87E-08,1.95E-08,2.31E-08,8.95E-09,3.68E-09,5.86E-05,26.544,5.176666667,1.97022984,0.011124122,0.512412178,1.273879142,9.31067611,0.391262356,0.005325444,0.843817787,6548.230912,96.9323375,8.550510417,19.97264646,19.3864675,8.92E-06,2.71E-08,1.95E-05,4.300107143,9.579125589,9.57E-06,5.749163167,0.465576942,0.685416179,0.979546436,0.373476112,0.964662692,0.661195417,0.026271612,3.959606242,0.754366391
FOREST CITY,H5,H,35.61,0.1,2.045,8.11,23.33,0.3,1.53,0.81,0.08,0.25,0.1,27.40833333,0.301833333,0.234857143,14.07,1.12225,1.0825,0.6128,0.0588,0.325333333,0.215333333,0.074933333,0.226666667,0.037666667,3.256666667,9.10E-08,1.47E-05,2.60E-08,2.25E-08,2.45E-08,1.40E-08,5.50E-09,5.56E-05,28.52,6.19,1.947998105,0.01285898,0.347621089,1.336601307,8.637168142,0.347987616,0.006190476,0.918367347,3971.428571,0.879933333,7.994375,20.70611111,0.175986667,7.40E-06,2.43E-08,1.85E-05,4.2218875,9.315007937,8.81E-06,5.611421726,0.295895409,0.655153047,0.834948878,0.339176371,1.132633588,0.742048346,0.024992979,4.016853928,0.769680801
FOREST VALE,H4,H,37.02,0.12,2.215,6.305,23.345,0.295,1.795,1.085,0.155,0.295,0.37,27.75,0.34074,0.2381,14.18666667,1.2625,1.168333333,0.751333333,0.072,0.293833333,0.189166667,0.071583333,0.208333333,0.035,1.91,1.10E-06,2.37E-05,2.38E-07,2.68E-07,2.90E-07,7.83E-08,4.67E-08,6.34E-05,27.33,5.49,1.95606203,0.012636539,0.270079246,1.233983287,8.395238095,0.378414097,0.046413502,0.924582614,810.0775194,0.797916667,8.275625,20.19,0.159583333,1.24E-05,2.65E-07,2.12E-05,4.342208333,9.442946667,1.11E-05,5.721209167,0.227207207,0.630605078,0.755702816,0.360587136,1.24856661,0.787352445,0.033495408,3.233870965,0.749594814
RICHARDTON,H5,H,34.672,0.0952,2.144,9.67,22.476,0.31,1.586,0.87,0.11,0.298,0.4975,33.319,0.333377778,0.21718,14.10666667,1.161333333,1.192166667,0.5819875,0.05746,27.90363636,17.70863636,6.971363636,19.543,3.029009091,2.063,2.89E-07,1.36E-05,9.16E-08,8.79E-08,9.95E-08,2.79E-08,2.63E-08,4.83E-05,27.475,4.435,2.361932892,0.01379249,0.430236697,1.351828499,9.212133581,0.393670269,0.02134848,0.88332054,1729.119754,75.15564545,7.80825,21.743,15.03112909,6.92E-06,9.30E-08,1.61E-05,4.260538542,11.28985259,7.81E-06,6.371146493,0.290224797,0.648246424,0.873152977,0.374739576,1.078578983,0.699184969,0.028264882,3.806122445,0.960977157
JILIN,H5,H,36.348,0.096,2.104,8.616,22.606,0.308,1.794,0.918,0.112,0.236,0.486,40.73,0.355333333,0.2672,13.835,1.205,1.148,0.554,0.048,32.94244444,18.26937,7.729877778,23.18825556,3.473077778,2.881666667,1.68E-08,3.32E-06,7.72E-09,7.55E-09,8.95E-09,9.55E-09,2.80E-09,2.58E-05,29.4,5.344,2.943982653,0.013624701,0.381137751,1.172798216,9.485086875,0.423105875,0.005066283,0.843851289,2706.511462,85.60302556,8.05325,25.158,17.12060511,1.67E-06,8.07E-09,8.62E-06,4.1855,13.78417778,3.65E-06,7.267816667,0.211539406,0.621932431,0.811973369,0.375557814,1.164179104,0.72404074,0.028337185,3.784466016,1.120556839
PULTUSK,H5,H,36.285,0.09,2.275,9.48,23.44,0.275,1.745,0.83,0.095,0.235,0.37,26.61,0.3272,0.223428571,13.86,1.47575,1.1134,0.6324,0.0534,0.300666667,0.19575,0.071666667,0.222,0.033333333,3.276666667,1.19E-07,3.28E-05,1.14E-07,2.56E-08,3.44E-08,1.64E-08,5.66E-09,4.78E-05,27.21,5.97,1.91991342,0.011732082,0.40443686,1.303724928,9.02,0.36611324,0.003623267,0.744046467,2922.779136,0.823416667,8.1475,19.93,0.164683333,1.65E-05,5.80E-08,1.59E-05,4.2703875,9.053542857,1.01E-05,5.536947321,0.356257046,0.645996968,0.85373444,0.343787301,1.102217497,0.712029162,0.025492628,4.345945941,0.733360893
KERNOUVE,H6,H,34.63,0.13,2.75,10.35,23.455,0.31,1.815,1.16,0.08,0.19,0.57,29.37333333,0.382,0.2315,14.145,1.295,1.4555,0.78,0.078,0.50055,0.2387,0.0845,0.2544,0.03825,3.05,9.00E-06,4.16E-05,1.17E-08,1.26E-08,1.32E-08,8.43E-09,1.64E-08,5.40E-05,30.06,4.82,2.076587722,0.013216798,0.441270518,1.515151515,13.08627451,0.354000838,0.092733711,0.954545455,6411.07814,1.1164,8.04875,21.41777778,0.22328,2.53E-05,1.25E-08,1.80E-05,4.418875,9.995611111,1.31E-05,5.967541667,0.352360418,0.677302917,0.904360621,0.342903521,1.024404674,0.693832273,0.035807104,3.68145161,0.848204832
ESTACADO,H6,H,35.815,0.11,3.08,12.345,22.575,0.29,2.245,1.38,0.22,0.5,0.72,27.315,0.493,0.224,13.61,1.605,1.63,1.025,0.066,0.671,0.934,0.098,0.381,0.056,33.82,7.93E-08,1.28E-05,4.99E-08,1.72E-08,2.20E-08,4.40E-09,2.00E-09,1.43E-05,27.315,4.72,2.006980162,0.012846069,0.546843854,1.371937639,11.98214286,0.104925054,0.006209867,0.785117692,3250,2.14,8.263125,19.78333333,0.428,6.42E-06,2.97E-08,4.77E-06,4.4675,9.344,3.41E-06,5.746,0.451949478,0.630322491,0.897801774,0.164282063,1.025630011,0.646477663,0.044674019,3.328124998,0.762669273
MILLER (ARKANSAS),H5,H,38.13,0.142,2.06,4.74,23.71,0.31,1.61,0.82,0.098,0.5,0.32,27.714,0.284,0.233857143,14.295,1.15,1.085,0.5784,0.074333333,0.284,0.183,0.0658,0.19,0.035,2.74,6.32E-08,1.96E-05,2.75E-08,1.11E-08,1.43E-08,3.23E-09,1.04E-09,1.38E-05,27.01,5.39,1.938719832,0.013074652,0.199915647,1.279503106,8.114285714,0.359562842,0.003231687,0.776285047,4265.370349,0.7578,8.40475,20.038,0.15156,9.81E-06,1.76E-08,4.59E-06,4.2771,9.410619048,4.18E-06,5.67682381,0.171032691,0.621820089,0.707887534,0.352877157,1.340246046,0.833391916,0.024075531,3.997821346,0.726829268
OCHANSK,H4,H,36.52333333,0.093333333,3.126666667,8.023333333,23.48333333,0.253333333,1.746666667,0.723333333,0.12,0.216666667,0.34,24.92,0.284333333,0.215114286,14.995,1.296,1.4878,0.551,0.057333333,0.29405,0.1936,0.081066667,0.2041,0.0306,4.2,1.16E-07,1.33E-05,2.45E-08,1.63E-08,2.09E-08,1.50E-08,8.94E-09,5.45E-05,27.27333333,5.046666667,1.661887296,0.010787793,0.341660752,1.790076336,9.609477124,0.418732782,0.008706897,0.782459746,3634.857143,0.803416667,8.274166667,19.08,0.160683333,6.73E-06,2.06E-08,1.82E-05,4.58245,8.473149206,8.51E-06,5.475822619,0.321963617,0.642967966,0.794619588,0.407819638,1.159225561,0.745344901,0.023090262,5.77865612,0.68230355
IJOPEGA,H6,H,36.91,0.07,2.76,6.97,22.26,0.3,1.7,0.93,0.09,0.25,0.21,27.56,0.14,0.23,13.42,1.2,1.46,0.69,0.042,0.27,0.19,0.061,0.18,0.028,3.3,1.32E-07,1.33E-05,2.09E-08,2.12E-08,2.46E-08,1.35E-08,6.50E-09,6.12E-05,27.56,11.42,2.053651267,0.013477089,0.3131177,1.623529412,9.642857143,0.321052632,0.009924812,0.861788618,4533.333333,0.729,8.15,22.18,0.1458,6.72E-06,2.22E-08,2.04E-05,4.1925,9.31,9.34E-06,5.59275,0.252902758,0.603088594,0.736828838,0.329850221,1.262743756,0.761546356,0.027634787,4.372549015,0.746681116
RUMANOVÁ,H5,H,38.85,0.23,1.95,23.23,21.94,0.28,1.19,0.59,0.07,0.32,0.2,21.19,0.14,0.22,13.23,0.85,1.03,0.44,0.14,1.651,0.15,0.066,0.185,0.021,5.154622222,1.10E-07,4.93E-05,1.70E-07,2.85E-08,4.27E-08,1.65E-08,5.40E-09,4.54E-05,21.19,4.94,1.601662887,0.012762078,1.058796718,1.638655462,78.61904762,0.44,0.002237625,0.668229777,2751.111111,2.073,8.14875,15.77333333,0.4146,2.47E-05,8.04E-08,1.51E-05,3.8875,7.183333333,1.19E-05,4.655,1.096271826,0.564736165,1.107107843,0.396198146,0.860084127,0.485720611,0.016988417,4.75757575,0.545431145
DHAJALA,H3.8 CHONDRITE,H,35.95,0.106666667,2.043333333,10.6,23.32,0.316666667,1.683333333,0.71,0.09,0.226666667,0.513333333,30.62909091,0.297433333,0.21411,13.76875,1.3,1.148625,0.559644444,0.066666667,60.4408,27.30442857,14.8595,42.7704,4.455771429,5.154622222,7.56E-08,45800.00001,4.19E-08,0.173333356,2.72E-08,257.7500001,0.051111131,1610.00005,29,6.616666667,2.224536789,0.013579188,0.454545455,1.213861386,13.56460962,0.544215747,1.65E-12,1.182042918,6.246362946,149.8309,8.0425,22.08191919,29.96618,22900.00001,0.057777808,622.6003871,4.194254861,10.38021141,5958.496813,5.998040044,0.34607622,0.64867872,0.892788208,0.434826491,1.059846698,0.6875,0.022253129,4.658333328,0.851991402
YAMATO 794046,H4,H,34.83,0.07,1.74,12.67,22.96,0.31,1.45,0.6,0.07,0.14,0.4,28.37,0.272,0.233,14.35,1.153333333,0.9155,0.5195,0.056,0.2885,0.169,0.07075,0.215,0.0328,3.78,1.75E-08,3.30E-07,8.90E-09,9.60E-09,1.04E-08,5.00E-09,1.90E-09,5.77E-06,27.91,5.55,1.977003484,0.013501742,0.551829268,1.2,8.795731707,0.418639053,0.053030303,0.923076923,1154,0.77605,7.7625,20.61,0.15521,1.74E-07,9.63E-09,1.93E-06,4.234583333,9.625,7.69E-07,5.733666667,0.44659852,0.659201837,0.974295871,0.371162302,0.977547011,0.644400786,0.019236291,4.761194023,0.814527706
FARMVILLE,H4,H,37.05,0.11,2.09,10.11,23.29,0.33,1.66,0.82,0.09,0.26,0.5,23.74333333,0.3525,0.2435,14.15,1.215,1.125,0.6115,0.066,60.6408,38.3528,14.8589,41.3648,6.526,5.154622222,1.02E-07,1.08E-05,2.06E-08,2.19E-08,2.46E-08,1.21E-08,5.30E-09,4.68E-05,27.56,4.99,1.677974087,0.014169171,0.434091885,1.259036145,9.292185106,0.387426733,0.009445471,0.890243902,3867.768595,161.7433,8.19875,18.76444444,32.34866,5.46E-06,2.24E-08,1.56E-05,4.275375,8.113111111,7.23E-06,5.188354167,0.425803734,0.628609986,0.85334696,0.373054822,1.109281437,0.697305389,0.024561404,4.120879116,0.640845704
MENOW,H4,H,36.8,0.12,2.41,8.52,24.01,0.31,1.76,0.89,0.1,0.05,0.52,27.005,0.355,0.229,14.19,1.215,1.1875,0.6255,0.072,62.6496,38.7544,15.2608,40.7624,6.4256,5.154622222,9.15E-08,1.64E-05,3.23E-08,3.06E-08,5.02E-08,1.11E-08,1.27E-08,3.27E-05,27.41,4.02,1.903100775,0.012911287,0.354852145,1.369318182,9.75,0.393782383,0.005565693,0.608565737,2939.820359,163.8528,8.29125,19.47833333,32.77056,8.27E-06,3.77E-08,1.09E-05,4.3045,9.196333333,6.17E-06,5.609875,0.31549713,0.652445652,0.829635297,0.383960827,1.131263449,0.738087919,0.026902174,4.212121208,0.733831522
OGI,H6,H,39.73,0.14,2.05,7.05,24.92,0.304,1.76,1.15,0.12,0.223,0.58,24.365,0.3795,0.235,14.665,1.24,1.1175,0.7415,0.084,61.0432,38.7542,14.659,42.5694,6.526,5.154622222,3.83E-07,1.52E-05,6.29E-08,6.35E-08,6.96E-08,1.29E-08,1.24E-08,6.59E-05,22.93,5.96,1.6614388,0.012199037,0.282905297,1.164772727,9.353846154,0.378255776,0.025279121,0.911919579,5091.752577,163.5518,8.782125,17.75166667,32.71036,7.78E-06,6.53E-08,2.20E-05,4.441,8.3265,1.02E-05,5.3534375,0.289349477,0.627233828,0.76519866,0.360907737,1.242727557,0.779480763,0.031965769,2.999999998,0.613264536
YAMATO 74155,H4,H,34.48,0.145,1.66,17.535,22.835,0.265,1.53,0.775,0.09,0.28,0.435,29.05333333,0.331666667,0.223333333,13.87,1.13,0.952333333,0.564666667,0.087,0.419,0.238,0.09,0.26,0.042,5.154622222,1.30E-07,2.10E-05,2.00E-08,2.10E-08,2.40E-08,2.00E-08,6.10E-09,5.80E-05,29.37,6.12,2.094688777,0.011604992,0.767900153,1.08496732,9.976190476,0.378151261,0.006190476,0.875,2900,1.049,7.739375,21.51444444,0.2098,1.06E-05,2.17E-08,1.93E-05,4.12925,9.869444444,9.90E-06,5.776541667,0.603545204,0.662267981,1.117044826,0.361798994,0.854099579,0.565642804,0.025087007,3.687861267,0.842614076
PLAINVIEW (1917),H5,H,35.695,0.11,2.14,12.9,23.13,0.305,1.7,0.69,0.095,0.255,0.55,26.00333333,0.39432,0.25896,14.672,1.2584,1.188666667,0.6675,0.0655,0.372,0.213,0.08755,0.241,0.038,5.154622222,8.67E-08,0.000144098,4.13E-07,1.64E-08,5.14E-08,1.42E-07,2.85E-08,2.86E-05,27.23,5.9,1.772310069,0.013186338,0.55771725,1.258823529,9.789473684,0.411032864,0.000601502,0.427861287,200.8901382,0.95155,8.00125,19.71111111,0.19031,7.21E-05,1.60E-07,9.59E-06,4.446641667,8.885537778,2.17E-05,5.563585,0.496090245,0.647989915,0.952292851,0.386418425,0.990702193,0.641965029,0.021991876,4.891719739,0.728486716
YAMATO 74371,H4,H,35.7,0.12,2.08,11.35,24.03,0.27,1.52,0.74,0.09,0.27,0.47,28.1,0.321,0.209,14.5,1.09,1.1,0.549,0.0627,0.295,0.18,0.084,0.205,0.034,5.154622222,1.86E-07,1.39E-05,2.51E-08,2.64E-08,3.14E-08,1.06E-08,5.70E-09,4.71E-05,28.06,5.21,1.937931034,0.011235955,0.472326259,1.368421053,8.676470588,0.466666667,0.013381295,0.840764331,4443.396226,0.798,8.0875,20.45666667,0.1596,7.04E-06,2.76E-08,1.57E-05,4.30975,9.543333333,7.66E-06,5.7414625,0.403914591,0.673109244,0.936474325,0.437286531,1.009044658,0.679197287,0.0232493,4.337349392,0.787114846
ZHOVTNEVYI,H6,H,37.48,0.11,2.44,9.82,24.82,0.11,1.96,1.26,0.09,0.2,0.49,26.55666667,0.347333333,0.189333333,14.635,1.276666667,1.2155,0.7825,0.066,50.41533333,32.3275,12.56183333,34.34366667,5.1429,5.154622222,5.70E-07,1.81E-05,9.23E-08,1.11E-07,1.24E-07,2.27E-08,1.25E-08,5.23E-05,24.93,5.91,1.814599704,0.00443191,0.39564867,1.244897959,9.802899791,0.388580414,0.031491713,0.897177419,2299.486804,134.7912333,8.545,19.13222222,26.95824667,9.34E-06,1.09E-07,1.74E-05,4.477416667,9.031111111,8.91E-06,5.633625,0.369775323,0.662219851,0.867735471,0.377001985,1.081986143,0.716512702,0.03601921,3.259259257,0.708555674
BUTSURA,H6,H,36.05,0.105,1.95,9.425,23.23,0.3,1.795,0.81,0.085,0.29,0.545,28.22166667,0.356,0.22875,14.024,1.25,1.061333333,0.60125,0.063,62.4518,40.3614,16.2654,43.975,6.4256,5.154622222,8.58E-06,3.17E-05,1.20E-07,1.13E-07,1.34E-07,1.03E-08,2.38E-08,3.92E-05,28.265,5.875,2.012383533,0.012914335,0.405725355,1.086350975,9.719216882,0.40299395,0.092733711,0.843283582,3820.97561,169.4792,8.06375,20.78722222,33.89584,2.01E-05,1.22E-07,1.31E-05,4.234145833,9.602138889,9.97E-06,5.72575,0.333963267,0.644382802,0.859342105,0.386081252,1.103965702,0.711376512,0.02482663,4.184357537,0.782847896
GUAREÑA,H6,H,36.74,0.12,2.04,10.24,23.44,0.32,1.6,0.9,0.09,0.27,0.55,27.81333333,0.381333333,0.243333333,13.57666667,1.16,1.1,0.728,0.071,0.3935,0.20369125,0.086583333,0.252166667,0.0395,5.16,6.44E-07,934.6939042,1.58E-08,1.66E-08,1.88E-08,7.10E-09,3.74E-08,3.93E-05,27.74,5.48,2.048612816,0.013651877,0.436860068,1.275,9.962025316,0.425071442,6.88E-10,0.882978723,5539.43662,0.97544125,8.175,20.34444444,0.19508825,467.3469524,1.71E-08,1.31E-05,4.141166667,9.479333333,116.836743,5.634208333,0.368168744,0.637996734,0.868488912,0.382035987,1.090855107,0.695961995,0.026946108,3.676767673,0.757031392
ZAOYANG,H5,H,36.34,0.15,2.2,8.8,24.26,0.33,1.65,0.93,0.11,0.3,0.66,27.54,0.416,0.2425,14.63,1.2,1.164,0.65,0.09,0.298,0.17,0.076,0.18,0.029,5.154622222,1.13E-08,1.53E-05,1.80E-09,1.60E-09,2.00E-09,6.70E-09,1.80E-09,5.29E-05,26.78,5.1,1.882433356,0.013602638,0.362737016,1.333333333,10.27586207,0.447058824,0.000738562,0.8,7225.933511,0.753,8.265,19.80666667,0.1506,7.66E-06,1.80E-09,1.76E-05,4.411,9.3995,8.53E-06,5.7415625,0.319535221,0.66758393,0.857810067,0.43446308,1.099213551,0.733817302,0.028618602,3.701923073,0.757842598
YANZHUANG,H6,H,36.92,0.1,2.36,8.31,23.22,0.41,1.57,0.92,0.13,0.21,0.45,26.126,0.3482,0.2554,14.18,1.28,1.1558,0.6542,0.086666667,0.3475,0.20225,0.073,0.225,0.0425,5.154622222,3.45E-08,8.83E-07,7.20E-09,7.83E-09,8.30E-09,9.14E-09,3.62E-09,2.85E-06,28,5.97,1.842454161,0.017657192,0.357881137,1.503184713,8.176470588,0.360939431,0.039093484,0.9437751,311.5973742,0.89025,8.2175,20.032,0.17805,4.59E-07,7.78E-09,9.54E-07,4.3175,8.909866667,4.75E-07,5.510783333,0.318073949,0.628927411,0.802698574,0.342205775,1.170948303,0.736441484,0.02843987,3.742857139,0.707638136
ANLONG,H5,H,35.55,0.12,1.58,10.94004861,23.81,0.27,1.48,0.85,0.14,0.25,0.447809028,27.98,0.356,0.227,14.05,1.18,1.036666667,0.6095,0.072,66.0636,41.5656,15.4619,44.3772,6.7268,2.3,1.42E-07,1.79E-05,1.82E-08,1.78E-08,2.23E-08,9.00E-09,4.80E-09,5.52E-05,26.73,5.80592029,1.991459075,0.011339773,0.459472852,1.067567568,9.820954986,0.371987894,0.007907366,0.798206278,6133.333333,174.1951,7.99125,20.17197343,34.83902,9.03E-06,1.94E-08,1.84E-05,4.219041667,9.521,9.17E-06,5.688895833,0.390995304,0.6697609,0.935902198,0.360011095,1.023020152,0.685178898,0.027848101,3.090909088,0.787060478
BIELOKRYNITSCHIE,H4,H,40.03,0.12,2.48,26.22,21.02,0.29,2.51,1.22,0.14,0.29,0.26,22.6,0.414,0.235,14.18689966,1.209052624,1.1907928,0.612,0.065418571,0.883,0.2278,0.0832,0.2223,0.0335,5.154622222,3.56E-08,2.90E-05,5.21E-07,7.30E-09,4.98E-08,3.32E-08,7.20E-09,1.43E-05,20.38,5.80592029,1.59301895,0.013796384,1.247383444,0.988047809,26.35820896,0.36523266,0.001227586,0.427861287,430.7228916,1.4498,8.4975,16.26197343,0.28996,1.45E-05,1.93E-07,4.78E-06,4.299686271,7.749666667,5.49E-06,5.064145457,1.160176991,0.52510617,1.111267937,0.369723225,0.847375106,0.444961897,0.033974519,3.669117644,0.564576568
KESEN,H4,H,35.92,0.1,2,10.94004861,23.25,0.29,1.68,0.880680272,0.1,0.25,0.447809028,25.5775,0.372666667,0.23,14.16,1.237333333,1.0995,0.6025,0.06,42.24085714,26.58471429,10.20437143,30.46042857,5.447516667,5.154622222,1.33E-07,1.42E-05,2.41E-08,2.81E-08,3.15E-08,1.83E-08,5.79E-09,5.24E-05,27.16,5.80592029,1.806320621,0.012473118,0.470539725,1.19047619,7.754149226,0.383843562,0.009365079,0.891428571,2869.434307,114.9378881,8.046335034,19.51447343,22.98757762,7.15E-06,2.79E-08,1.75E-05,4.274833333,8.726722222,8.35E-06,5.4174375,0.427721576,0.647271715,0.901636303,0.358593369,1.050598097,0.680022432,0.027301789,3.752497221,0.712068486
BEAVER CREEK,H5,H,37.125,0.095,2.25,9.415,23.46,0.26,1.7,0.855,0.11,0.205,0.47,27.97333333,0.338,0.2095,14.145,1.215,1.137333333,0.59575,0.057,19.6718493,12.40108805,0.058,13.54512129,2.021748792,5.154622222,4.89E-06,3.21E-05,1.47E-07,1.62E-07,1.79E-07,2.85E-08,2.34E-08,6.52E-05,28.21,4.875,1.97761282,0.011082694,0.401321398,1.323529412,9.73011552,0.004677009,0.092733711,0.905737705,2289.122807,47.69780743,8.245625,20.35277778,9.539561487,1.85E-05,1.63E-07,2.18E-05,4.273270833,9.506944444,1.28E-05,5.708864583,0.336570543,0.631919192,0.834920635,0.00447514,1.129277567,0.713612167,0.025993266,4.093264244,0.75349046
CANON CITY,H6,H,36.7,0.14,2.1,9.31,23.41,0.34,1.8,0.94,0.08,0.3,0.54,22.375,0.369,0.263,14.1,1.29,1.11,0.697,0.084,19.6718493,12.40108805,4.497900549,13.54512129,2.021748792,5.154622222,6.34E-08,1.38E-05,2.25E-08,8.08E-09,1.17E-08,1.64E-08,4.05E-09,5.58E-05,27.76,5.62,1.586879433,0.014523708,0.397693293,1.166666667,9.73011552,0.362702089,0.004601561,0.692142857,3411.314985,52.13770798,8.20875,18.585,10.4275416,6.92E-06,1.41E-08,1.86E-05,4.29925,7.669,8.71E-06,5.036,0.416089385,0.637874659,0.843298969,0.347047167,1.121638142,0.715464548,0.027792916,3.823529408,0.609673025
SCHENECTADY,H5,H,36.2,0.12,2.25,11.77,23,0.32,1.77,0.83,0.1,0.29,0.55,27.52,0.376,0.247,13.87,1.27,1.191,0.62,0.072,19.6718493,12.40108805,4.497900549,13.54512129,2.021748792,5.154622222,5.20E-07,1.92E-05,7.30E-08,7.60E-08,8.70E-08,2.32E-08,1.69E-08,5.64E-05,27.52,5.29,1.984138428,0.013913043,0.51173913,1.271186441,9.73011552,0.362702089,0.027083333,0.873563218,2431.034483,52.13770798,8.095,20.11,10.4275416,9.86E-06,7.87E-08,1.88E-05,4.23775,9.381,9.55E-06,5.64575,0.427688953,0.635359116,0.904291287,0.347047167,1.041127409,0.66148979,0.025690608,4.322580641,0.760220994
ALLAN HILLS A76008,H6,H,35.1375,0.105,2.12,15.335,22.705,0.2975,1.765,0.8,0.0975,0.266666667,0.415,26.63333333,0.3215,0.23,13.89666667,0.99,0.971,0.603,0.06,0.31,12.40108805,4.497900549,13.54512129,2.021748792,1.31,2.24E-08,1.11E-05,1.67E-08,7.41E-09,8.40E-09,9.09E-09,2.56E-09,4.88E-05,25.525,4.683333333,1.916526745,0.013102841,0.675401894,1.201133144,0.153332601,0.362702089,0.002016641,0.881746032,5373.880245,32.77585868,7.898645833,18.94722222,6.555171737,5.55E-06,1.08E-08,1.63E-05,4.115166667,9.061611111,7.50E-06,5.4631875,0.575782228,0.646175738,1.021002483,0.347047167,0.923698738,0.596871714,0.025542512,4.328690803,0.757974623
AVANHANDAVA,H4,H,36.675,0.085,2.8,10.08,24.005,0.285,2,0.775,0.145,0.28,0.48,27.225,0.328,0.22,14.48,1.43,1.4815,0.575,0.051,19.6718493,12.40108805,4.497900549,13.54512129,2.021748792,5.154622222,4.74E-07,1.77E-05,7.60E-08,8.00E-08,9.00E-08,1.50E-08,1.30E-08,5.76E-05,27.225,5.77,1.880179558,0.011872527,0.419912518,1.4,9.73011552,0.362702089,0.026779661,0.888888889,3840,52.13770798,8.370625,20.07333333,10.4275416,9.09E-06,8.20E-08,1.92E-05,4.491625,9.257666667,9.51E-06,5.7238125,0.370247934,0.654533061,0.863457885,0.347047167,1.075986504,0.70426874,0.025085208,5.217391299,0.742331288
CHIANG KHAN,H6,H,37.23,0.13,2.3,9.64,23.64,0.32,1.73,0.92,0.08,0.24,0.5,21.585,0.342,0.248,14.3,1.24,1.22,0.683,0.078,19.6718493,12.40108805,4.497900549,13.54512129,2.021748792,5.154622222,6.99E-08,2.99E-05,8.73E-08,1.69E-08,2.35E-08,1.83E-08,5.17E-09,5.99E-05,26.98,5.21,1.509440559,0.013536379,0.407783418,1.329479769,9.73011552,0.362702089,0.002339168,0.716713881,3267.272727,52.13770798,8.3075,17.925,10.4275416,1.50E-05,4.26E-08,2.00E-05,4.36075,7.391666667,1.13E-05,4.962,0.44660644,0.634971797,0.841892234,0.347047167,1.118689904,0.710336538,0.026860059,4.029999996,0.579774375
BATH,H4,H,37.44333333,0.11,2.93,9.62,24.04,0.32,1.22,0.9,0.09,0.29,0.67,26.1,0.4186,0.247,14.5,0.87,1.551,0.67,0.066,19.6718493,12.40108805,4.497900549,13.54512129,2.021748792,5,9.50E-08,9.50E-06,2.43E-08,1.94E-08,2.07E-08,7.92E-09,4.82E-09,2.73E-05,26.1,6.11,1.8,0.013311148,0.400166389,2.401639344,9.73011552,0.362702089,0.009997895,0.934751618,3441.287879,52.13770798,8.404166667,19.43666667,10.4275416,4.80E-06,2.15E-08,9.09E-06,4.39775,8.921866667,4.62E-06,5.552825,0.368582375,0.642036856,0.833718626,0.347047167,1.112398495,0.714200832,0.026439954,4.191919188,0.697053325
UBERABA,H5,H,37.5,0.12,2.3,11.52,23.43,0.32,1.78,0.9,0.09,0.25,0.55,26.08,0.376,0.2385,14.13,1.27,1.217,0.695,0.072,19.6718493,12.40108805,4.497900549,13.54512129,2.021748792,5.1,4.63E-08,8.31E-06,1.63E-08,1.43E-08,1.56E-08,8.10E-09,3.47E-09,2.27E-05,26.08,5.7,1.84571833,0.013657704,0.491677337,1.292134831,9.73011552,0.362702089,0.0055716,0.910543131,2807.407407,52.13770798,8.32125,19.28666667,10.4275416,4.18E-06,1.54E-08,7.58E-06,4.328,8.898166667,3.89E-06,5.5098125,0.441717791,0.6248,0.878140703,0.347047167,1.072961373,0.670386266,0.0264,4.121212117,0.695466667
BURDETT,H5,H,35.6,0.12,2.07,8.8,21.82,0.3,1.48,0.49,0.06,0.23,0.53,26.42,0.363,0.232,13.16,1.06,1.096,0.36,0.072,19.6718493,12.40108805,4.497900549,13.54512129,0.03404,5.154622222,4.30E-07,1.62E-05,1.10E-07,1.03E-07,1.19E-07,1.26E-08,8.90E-09,2.56E-05,26.42,5.4,2.007598784,0.013748854,0.403299725,1.398648649,577.9039159,0.362702089,0.02654321,0.865546218,2031.746032,50.14999919,7.75625,19.41333333,10.02999984,8.32E-06,1.11E-07,8.54E-06,3.919,9.005,5.32E-06,5.345375,0.333080999,0.612921348,0.81284842,0.347047167,1.162638798,0.71260614,0.015449438,6.454545443,0.742134831
COCKLEBIDDY,H5,H,39.24,0.11,2.15,7.67,23.7,0.36,1.85,1.03,0.11,0.27,0.57,21.91,0.39,0.278,14.29,1.32,1.138,0.76,0.066,19.6718493,12.40108805,4.497900549,0.19,2.021748792,5.154622222,2.50E-08,2.12E-06,1.72E-08,1.24E-08,1.39E-08,1.82E-08,4.70E-09,2.13E-05,21.91,5.41,1.533240028,0.015189873,0.323628692,1.162162162,9.73011552,0.362702089,0.011792453,0.892086331,1171.978022,38.78258669,8.58875,16.41,7.756517338,1.07E-06,1.45E-08,7.12E-06,4.377,7.526,2.94E-06,5.019,0.350068462,0.603975535,0.757912539,2.930239729,1.250876634,0.755498884,0.029051988,3.508771927,0.558358818
BEARDSLEY,H5,H,38.07,0.106666667,2.773333333,25.47,23.65666667,0.32,1.923333333,0.85,0.136666667,0.213333333,0.37,25.4125,0.33625,0.2402,14.08,1.2005,1.087333333,0.539,0.06,19.6718493,12.40108805,0.083,13.54512129,2.021748792,5.154622222,7.88E-08,1.32E-05,1.92E-08,1.51E-08,1.64E-08,1.54E-08,0.001043095,6.80E-05,23.22,5.80592029,1.804865057,0.013526842,1.076652107,1.441941075,9.73011552,0.006692961,0.005959137,0.920731707,4415.584416,47.72280743,8.492916667,18.1461401,9.544561487,6.65E-06,1.69E-08,0.00037037,4.226708333,8.662983333,0.000140557,5.369472917,1.002262666,0.621399177,1.202807476,0.00640408,0.774935541,0.481544307,0.02591717,4.76013513,0.667520357
PANTAR,H5,H,36.01,0.106666667,2.23,11.11,23.29666667,0.273333333,1.816666667,0.905,0.11,0.286666667,0.265,26.61625,0.293571429,0.2267,14.05,1.30175,1.179666667,0.598625,0.06215,19.6718493,12.40108805,0.076,13.54512129,2.021748792,5.154622222,1.73E-07,0.000390135,1.13E-06,1.31E-08,1.01E-07,5.63E-08,1.28E-08,4.69E-05,26.47,5.86,1.894395018,0.011732723,0.476892259,1.227522936,9.73011552,0.006128495,0.000443845,0.427861287,833.5754641,47.71580743,8.116041667,19.64875,9.543161487,0.000195154,4.16E-07,1.57E-05,4.282510417,9.045507143,5.48E-05,5.541089137,0.417414174,0.646949921,0.899755927,0.005863977,1.046599496,0.677097462,0.028186615,3.986863707,0.739134962
MERUA,H5,H,36.88,0.13,2.53,7.45,23.61,0.18,1.82,0.59,0.07,0.29,0.37,23.10333333,0.3015,0.219966667,15.72,1.383333333,1.4145,0.44,0.078,19.6718493,12.40108805,4.497900549,13.54512129,2.021748792,6.2,8.09E-08,3.10E-06,2.51E-08,2.42E-08,2.72E-08,1.05E-08,4.93E-09,2.56E-05,27.57,5.68,1.469677693,0.007623888,0.315544261,1.39010989,9.73011552,0.362702089,0.026091161,0.89199632,2429.905063,52.13770798,8.24625,18.78444444,10.4275416,1.59E-06,2.55E-08,8.54E-06,4.739458333,7.874933333,3.61E-06,5.332579167,0.322464291,0.640184382,0.788124841,0.347047167,1.187379266,0.760141661,0.017895879,6.590909081,0.626446132
YAMATO 791926,H5,H,36.03,0.07,2.69,6.88,24.31,0.23,1.57,0.72,0.07,0.38,0.38,27.19,0.26,0.178,14.66,1.12,1.424,0.53,0.042,19.6718493,12.40108805,4.497900549,13.54512129,2.021748792,5.154622222,3.25E-08,1.00E-05,8.70E-09,9.40E-09,1.01E-08,8.60E-09,3.00E-09,5.81E-05,27.19,7.93,1.854706685,0.009461127,0.283011107,1.713375796,9.73011552,0.362702089,0.003240279,0.930693069,6752.325581,52.13770798,8.25,20.77,10.4275416,5.03E-06,9.40E-09,1.94E-05,4.4335,9.209333333,8.52E-06,5.6755,0.253034204,0.674715515,0.805526859,0.347047167,1.155177942,0.77941648,0.021926173,5.392405056,0.754648904
YAMATO 792764,H4,H,35.89,0.07,1.73,11.19,23.22,0.24,1.43,0.69,0.08,0.23,0.46,28.6,0.315,0.186,14,1.02,0.915,0.512,0.042,19.6718493,12.40108805,4.497900549,13.54512129,2.021748792,5.154622222,5.14E-08,1.41E-05,1.43E-08,1.57E-08,1.71E-08,1.54E-08,4.60E-09,5.71E-05,28.58,5.83,2.042857143,0.010335917,0.481912145,1.20979021,9.73011552,0.362702089,0.003647977,0.918128655,3707.792208,52.13770798,7.93875,21.00333333,10.4275416,7.07E-06,1.57E-08,1.90E-05,4.11175,9.700333333,8.91E-06,5.69875,0.391258741,0.646976874,0.914673046,0.347047167,1.043010753,0.674803836,0.021454444,4.103896099,0.796879354
AARHUS,H6,H,37.49,0.16,1.53,7.39,24.03,0.34,1.69,1.08,0.18,0.15,0.43,26.63,0.294,0.263,14.49,1.21,0.81,0.8,0.096,19.6718493,12.40108805,4.497900549,13.54512129,2.021748792,5.154622222,1.38E-07,1.33E-05,2.11E-08,2.18E-08,2.57E-08,1.27E-08,5.90E-09,6.58E-05,26.63,5.64,1.837819186,0.01414898,0.307532251,0.905325444,9.73011552,0.362702089,0.010369532,0.848249027,5177.952756,52.13770798,8.31125,19.63333333,10.4275416,6.70E-06,2.29E-08,2.19E-05,4.3275,9.062333333,9.91E-06,5.574125,0.277506572,0.640970926,0.805228088,0.347047167,1.193189052,0.764799491,0.033608962,2.555555554,0.710322753
ALEXANDROVSKY,H4,H,35.79,0.1,2.82,6.07,23.15,0.24,1.88,1.6,0.14,0.4,0.3,27.37,0.205,0.185,13.96,1.34,1.492,1.19,0.06,19.6718493,12.40108805,4.497900549,13.54512129,2.021748792,5.154622222,8.20E-08,1.26E-05,2.20E-08,2.20E-08,2.50E-08,1.36E-08,6.00E-09,4.22E-05,27.37,7.4,1.960601719,0.010367171,0.262203024,1.5,9.73011552,0.362702089,0.006507937,0.88,3102.941176,52.13770798,8.2525,20.71333333,10.4275416,6.34E-06,2.30E-08,1.41E-05,4.4955,9.253333333,6.87E-06,5.72525,0.221775667,0.646828723,0.756798757,0.347047167,1.224845996,0.792265571,0.048616932,2.701149424,0.764738754
ALLAN HILLS A76006,H6,H,35.745,0.09,2.235,18.665,23.855,0.315,1.76,0.835,0.1,0.38,0.32,29.13,0.294,0.27,14.38,1.04,1.048,0.5,0.048,19.6718493,12.40108805,4.497900549,13.54512129,2.021748792,5.154622222,4.09E-07,1.56E-05,8.17E-08,9.25E-08,1.01E-07,1.80E-08,1.50E-08,5.76E-05,25.35,7.89,2.025730181,0.013204779,0.782435548,1.269886364,9.73011552,0.362702089,0.026217949,0.917355372,3201.851852,52.13770798,8.153125,20.79,10.4275416,8.00E-06,9.17E-08,1.92E-05,4.242,9.898,9.24E-06,5.83875,0.640748369,0.667366065,1.119536598,0.347047167,0.840663217,0.561030103,0.026157505,4.272727268,0.814939152
YAMATO 791905,H5,H,35.16,0.06,2.8,11.4,23.38,0.24,1.47,0.91,0.15,0.33,0.51,27.43,0.349,0.185,14.1,1.05,1.482,0.68,0.036,19.6718493,12.40108805,4.497900549,13.54512129,2.021748792,5.154622222,6.31E-07,1.35E-05,1.27E-07,1.38E-07,1.55E-07,2.00E-08,2.28E-08,5.68E-05,27.43,6.09,1.945390071,0.010265184,0.487596236,1.904761905,9.73011552,0.362702089,0.046815145,0.887387387,2838.5,52.13770798,8.055,20.31666667,10.4275416,7.05E-06,1.40E-07,1.89E-05,4.328,9.321333333,8.92E-06,5.664,0.415603354,0.664960182,0.916227608,0.347047167,1.010925819,0.672225417,0.030147895,4.028301883,0.780147895
YAMATO 792935,H5,H,35.62,0.05,2.62,10.21,24.66,0.25,1.6,0.78,0.08,0.34,0.46,25.8,0.315,0.193,14.87,1.14,1.387,0.58,0.03,19.6718493,12.40108805,4.497900549,13.54512129,2.021748792,5.154622222,6.30E-07,1.27E-05,1.20E-07,1.27E-07,1.47E-07,1.98E-08,2.18E-08,5.70E-05,25.8,7.65,1.735036987,0.010137875,0.414030819,1.6375,9.73011552,0.362702089,0.04952044,0.863172226,2876.262626,52.13770798,8.24375,19.75,10.4275416,6.67E-06,1.31E-07,1.90E-05,4.49425,8.769333333,8.84E-06,5.539375,0.395736434,0.692307692,0.911872385,0.347047167,1.02150846,0.707198165,0.024143739,4.906976738,0.724312184
YAMATO 793167,H5,H,36.33,0.05,2.41,8.56,24.37,0.14,1.7,0.67,0.07,0.3,0.32,27.35,0.219,0.108,14.7,1.21,1.275,0.5,0.03,19.6718493,12.40108805,4.497900549,13.54512129,2.021748792,5.154622222,5.71E-07,1.47E-05,7.91E-08,7.84E-08,9.82E-08,3.19E-08,1.94E-08,6.87E-05,27.35,6.1,1.860544218,0.005744768,0.351251539,1.417647059,9.73011552,0.362702089,0.038724559,0.798777382,2152.821317,52.13770798,8.24875,20.26666667,10.4275416,7.66E-06,8.52E-08,2.29E-05,4.42125,9.225666667,1.05E-05,5.674,0.31297989,0.670795486,0.850025813,0.347047167,1.103249317,0.740054661,0.020368841,5.554054047,0.75282136
ANKOBER,H4,H,35.35,0.12,2.32,13.05,22.86,0.32,1.72,0.84,0.12,0.33,0.55,27.47,0.376,0.247,13.79,1.23,1.228,0.62,0.072,19.6718493,12.40108805,4.497900549,13.54512129,2.021748792,5.154622222,2.27E-07,1.46E-05,5.82E-08,4.50E-08,4.82E-08,3.22E-08,1.22E-08,7.10E-05,27.47,5.29,1.992023205,0.01399825,0.570866142,1.348837209,9.73011552,0.362702089,0.015547945,0.933609959,2204.968944,52.13770798,7.9825,20.07666667,10.4275416,7.41E-06,5.05E-08,2.37E-05,4.217,9.364333333,1.08E-05,5.629125,0.475063706,0.646676096,0.953278471,0.347047167,0.984405458,0.636591479,0.027157001,4.208333329,0.77708628
ATLANTA,EL6 CHONDRITE,Enstatite,37.82,0.075,2.285,0.72,21.305,0.195,0.45,0.57,0.075,0.35,0.41,25.72125,0.321833333,0.154833333,13.35,0.398,1.27475,0.48925,0.04475,3.997833333,2.783,0.387316667,2.3335,0.327666667,4.693333333,5.38E-07,1.11E-05,1.05E-07,1.14E-07,1.21E-07,5.33E-08,1.61E-08,4.61E-05,26.88,7.18,1.926685393,0.009152781,0.033794884,5.077777778,12.20091556,0.139172356,0.048526759,0.93543956,864.9155722,9.829316667,7.88125,19.92708333,1.965863333,5.81E-06,1.13E-07,1.54E-05,3.878,8.732638889,7.27E-06,5.219333333,0.027992419,0.563326282,0.549183394,0.151986733,1.717139614,0.967309875,0.017054469,4.240310071,0.68009651
EAGLE,EL6 CHONDRITE,Enstatite,43.18,0.1,2.11,11.35487879,23.92,0.28,0.75,0.83,0.09,0.23,0.32,19.62333333,0.1895,0.2035,14.16,0.698,1.085,0.618,0.05,0.181771429,0.141771429,0.046,0.189685714,0.030571429,1.844,4.75E-07,9.87E-06,8.93E-08,9.48E-08,1.05E-07,1.49E-07,3.64E-08,5.33E-05,23.19,8.11,1.385828625,0.011705686,0.47470229,2.813333333,5.945794393,0.324465941,0.048125633,0.902857143,357.7181208,0.5898,8.92375,16.97444444,0.11796,5.17E-06,9.64E-08,1.78E-05,4.14025,6.672111111,8.01E-06,4.578416667,0.578641691,0.553960167,0.778866831,0.280508586,1.224100592,0.678102968,0.02130616,3.108695649,0.454454223
PILLISTFER,EL6 CHONDRITE,Enstatite,35.16,0.0875,1.866,31.44666667,18.262,0.29,1.056,0.8925,0.098,0.385,0.545,28.666,0.25025,0.162,13.3375,0.7812,1.01875,0.574666667,0.0505,0.903777778,0.711094444,0.367054545,1.242991667,0.201481667,34.9025,7.52E-08,9.00E-06,2.53E-08,2.29E-08,2.55E-08,2.50E-07,5.53E-08,5.14E-05,29.67,8.65,2.149278351,0.015879969,1.721972767,1.767045455,4.485657642,0.516182553,0.008356286,0.897937875,206.0897436,3.426400101,7.2511875,22.32866667,0.68528002,4.54E-06,2.46E-08,1.72E-05,3.928029167,9.69275,7.61E-06,5.605108333,1.097002256,0.519397042,1.342534075,0.390420717,0.707321326,0.367380604,0.028171217,2.950025237,0.815301479
HVITTIS,EL6 CHONDRITE,Enstatite,36.9175,0.11,1.88,32.03,20.4725,0.3375,1.36,0.55,0.07,0.423333333,0.596666667,24.25,0.3065,0.162857143,13.95,0.9905,1.04,0.60425,0.043,1.661788889,1.208363158,0.204322222,1.195927778,0.169383333,11.51175,3.56E-07,1.29E-05,9.57E-08,8.79E-08,9.48E-08,6.71E-07,1.75E-07,3.55E-05,25.09333333,9.87,1.738351254,0.016485529,1.564537795,1.382352941,9.810817016,0.169090079,0.027649984,0.92721519,52.94336811,4.43978538,7.751354167,19.73777778,0.887957076,6.61E-06,9.28E-08,1.21E-05,4.1461875,8.239785714,6.23E-06,5.168388393,1.320824742,0.554547301,1.35324441,0.169966914,0.703156993,0.389933813,0.016794203,5.225806443,0.656870048
KOTA-KOTA,EH3 CHONDRITE,Enstatite,38.355,0.0505,1.25,1.34,20.94,0.2305,0.575,0.905,0.03,0.2415,0.3,27.434,0.233,0.1875,11.4875,0.51,0.697666667,0.613,0.0305,0.2595,0.144241667,0.05225,0.1545,0.0223,3.31,5.66E-07,1.03E-05,8.96E-08,8.37E-08,9.63E-08,7.25E-08,2.41E-08,4.52E-05,29.685,9.23,2.388161045,0.011007641,0.063992359,2.173913043,11.6367713,0.362239297,0.054951456,0.869158879,622.7586207,0.632791667,7.815875,22.11633333,0.126558333,5.43E-06,8.99E-08,1.51E-05,3.327041667,9.284833333,7.05E-06,5.149145833,0.0488445,0.545952288,0.562555233,0.350006963,1.721499102,0.939856373,0.024377526,1.951871656,0.715265285
QINGZHEN,EH3 CHONDRITE,Enstatite,34.17,0.09,2.55,3.18,18.03,0.33,1.14,0.6,0.07,0.11,0.37,32.46,0.253342857,0.1801,10.72285714,0.945,0.937428571,0.556771429,0.054,0.356759091,0.206945455,0.09532,0.27235,0.050008333,23.465,0.521666689,43.83333508,0.66833336,0.418571448,0.556666689,1.465000062,0.30666668,523.3333445,33.78,14.64,3.027178257,0.018302829,0.176372712,2.236842105,7.133992819,0.460604463,0.011901141,0.751924727,357.2241108,0.981382879,7.125,26.96,0.196276576,22.17750089,0.547857165,175.0350038,3.290514286,10.96448095,71.38794807,5.7636875,0.097966728,0.527655838,0.577614379,0.40150633,1.611032532,0.850070721,0.019607843,5.507462678,0.949956102
KHAIRPUR,EL6 CHONDRITE,Enstatite,39.012,0.135333333,2.11,19.5,21.1525,0.8,1.3525,0.7,0.0735,0.27,0.6425,21.15166667,0.310525,0.2245,14.20666667,0.81125,1.0304,0.6042,0.037,0.17532,0.117966667,0.0487,0.14198,0.02162,10.13924306,6.70E-07,1.49E-05,1.19E-07,1.21E-07,1.32E-07,2.81E-07,1.04E-07,5.30E-05,24.58333333,8.935,1.488854998,0.037820589,0.921876847,1.560073937,8.109158187,0.412828483,0.044966443,0.916666667,188.6120996,0.505586667,8.1838125,18.22333333,0.101117333,7.79E-06,1.24E-07,1.78E-05,4.163129167,7.228897222,8.67E-06,4.797026042,0.921913167,0.542204963,0.988582754,0.376301299,0.959645778,0.520324703,0.019827233,4.476405941,0.542183602
ALLAN HILLS A77295,EH3 CHONDRITE,Enstatite,35.7,0.11,1.79,11.35487879,18.34,0.27,1.26,0.78,0.07,0.44,0.4,30.25,0.2917,0.200766667,10.75,0.884,0.87,0.56,0.066,0.228,0.136666667,0.052533333,0.153333333,0.023833333,2.12,6.81E-07,0.000816915,5.00E-06,1.21E-07,5.08E-07,3.80E-07,8.15E-08,4.30E-05,30.6,13.49,2.813953488,0.014721919,0.619131886,1.420634921,9.566433566,0.384390244,0.000833318,0.427861287,113.1715657,0.594366667,7.33125,24.78,0.118873333,0.000408798,1.88E-06,1.45E-05,3.266,10.24748889,0.000108339,5.484058333,0.375367894,0.51372549,0.792074654,0.362898661,1.202227504,0.617614914,0.023809524,3.58823529,0.847338936
JAJH DEH KOT LALU,EL6 CHONDRITE,Enstatite,43.85,0.08,2.01,11.35487879,23.26,0.15,1.35,0.91,0.06,0.27,0.32,21.99,0.275833333,0.1436,14.22,0.983333333,1.0535,0.6172,0.049,0.182166667,0.1282,0.05065,0.156383333,0.023066667,2.82,6.93E-07,1.27E-05,1.15E-07,1.23E-07,1.40E-07,1.81E-07,4.45E-08,5.28E-05,22.17,8.75,1.546413502,0.006448839,0.488171917,1.488888889,7.897398844,0.395085803,0.054566929,0.878571429,291.7127072,0.540466667,8.9825,17.63666667,0.108093333,6.70E-06,1.26E-07,1.77E-05,4.218508333,7.469811111,8.35E-06,4.916558333,0.516365566,0.530444698,0.754794566,0.357717512,1.266796289,0.671965375,0.022120867,3.463917522,0.501482326
YAMATO 691,EH3 CHONDRITE,Enstatite,37.145,0.0775,2.24,0.72,19.435,0.2435,0.87,0.845,0.0775,0.462,0.435,29.29,0.322,0.1975,11.435,0.81625,1.0215,0.6775,0.04785,0.235,0.146,0.051366667,0.147666667,0.0239,2.93,2.79E-08,4.58E-06,3.22E-08,2.86E-08,1.22E-08,2.00E-07,6.33E-08,1.06E-05,29.33,14.11,2.561434193,0.012528943,0.037046565,2.574712644,9.832635983,0.351826484,0.00609614,1.182042918,53.04130163,0.603933333,7.66475,24.24333333,0.120786667,2.30E-06,2.43E-08,3.62E-06,3.4875625,9.9365,1.94E-06,5.47595,0.024581769,0.523219814,0.511743049,0.349835371,1.842967006,0.964276854,0.024835106,3.371273709,0.788531431
INDARCH,EH4 CHONDRITE,Enstatite,35.44,0.065,1.46,11.35487879,17.875,0.265,1.04,1.01,0.105,0.5,0.47,29.36222222,0.3062625,0.22655,10.68666667,0.832,0.779,0.7625,0.0415,0.72056087,0.432970833,0.199085,0.529586485,0.085697339,26.77,1.26E-07,1173.333702,2.54E-06,4.54E-08,5.88E-07,138.3000003,4.62E-08,1.73E-05,31.78,14.2,2.747556665,0.014825175,0.635237974,1.403846154,8.40820589,0.459811573,1.08E-10,0.427861287,1.25E-07,1.967900527,7.211875,25.11407407,0.393580105,586.6668513,1.06E-06,46.10000589,3.265041667,9.965011574,163.9542154,5.374587674,0.386717283,0.504373589,0.792137637,0.41575815,1.212457987,0.611531787,0.031461625,2.242152464,0.828505142
DANIEL'S KUIL,EL6 CHONDRITE,Enstatite,36.768,0.1612,1.796,10.582,22.154,0.18,1.256,0.644,0.082,0.273333333,0.586,31.062,0.2814,0.0735,12.82666667,0.643333333,0.88275,0.4725,0.057333333,0.2952,0.2031,0.0678,0.2214,0.0338,10.13924306,5.60E-07,8.10E-06,9.03E-08,9.83E-08,1.08E-07,1.97E-07,4.81E-08,4.81E-05,31.145,7.083333333,2.421673597,0.008124944,0.477656405,1.429936306,8.733727811,0.333825702,0.069135802,0.909722222,244.1624365,0.8213,7.894166667,23.09677778,0.16426,4.33E-06,9.89E-08,1.61E-05,3.7063125,10.4723,7.16E-06,5.787435417,0.340673492,0.602534813,0.848874598,0.319731866,1.123167155,0.676747312,0.019745431,4.203856744,0.844810705
ABEE,EH4 CHONDRITE,Enstatite,40.1025,0.066666667,1.826666667,11.35487879,18.59333333,0.25,0.493333333,1.18,0.116666667,0.52,0.429715686,32.88923077,0.277228571,0.225116667,11.21,0.650333333,0.9016,0.803442857,0.039666667,1.879831765,0.951032105,0.286064706,0.886011111,0.14378375,5.804333333,1.19E-07,1.41E-05,3.33333338,0.045333354,0.518181842,25.00000058,5.070000055,142.5000672,30.35333333,15.85,2.933918891,0.013445679,0.610696242,3.702702703,13.07402098,0.300793952,0.008432023,0.427861287,5.700002554,4.146723437,7.8853125,26.36418803,0.829344687,7.10E-06,1.298949525,57.52335594,3.391344048,11.13052534,22.05836632,5.874577358,0.345246104,0.463645242,0.71425727,0.311635629,1.339061572,0.620849527,0.032333811,1.789203083,0.820129188
ADHI KOT,EH4 CHONDRITE,Enstatite,35.94,0.13,2.02,11.35487879,16.67,0.22,1.22,0.81,0.1,0.37,0.44,32.255,0.3355,0.205,10.05,0.87,0.9595,0.665,0.078,0.202,0.1273,0.0481,0.1364,0.0206,10.13924306,4.70E-08,1.43E-05,4.20E-08,7.95E-09,1.50E-08,8.80E-08,1.60E-08,6.64E-05,33.31,15.5,3.209452736,0.013197361,0.681156496,1.655737705,9.805825243,0.377847604,0.003286713,0.53,754.5454545,0.5344,7.16875,27.02166667,0.10688,7.17E-06,2.17E-08,2.22E-05,3.136125,10.93183333,1.01E-05,5.67725,0.352034686,0.463828603,0.738273941,0.365025905,1.282431952,0.594828621,0.025319978,3.560439557,0.897468002
BLITHFIELD,EL6 CHONDRITE,Enstatite,44.99,0.095,2.085,11.35487879,25.58,0.195,0.86,0.92,0.085,0.205,0.35,20.594,0.454,0.149,15.425,0.563,1.1045,0.68,0.056,0.3526,0.265,0.0709,0.224,0.0318,10.13924306,4.80E-07,6.00E-06,9.70E-08,9.80E-08,1.09E-07,6.90E-08,1.97E-08,3.24E-05,20.185,12.2,1.335105348,0.007623143,0.443896747,2.424418605,11.08805031,0.26754717,0.08,0.899082569,469.5652174,0.9443,9.365,17.65966667,0.18886,3.24E-06,1.01E-07,1.08E-05,4.443125,7.065666667,4.91E-06,4.8781875,0.551368301,0.568570793,0.784596469,0.29100422,1.218089824,0.692570298,0.022338297,2.930348256,0.457746166
YAMATO 74370,EH4 CHONDRITE,Enstatite,34.14,0.12,2.51,3.9,18.2,0.23,1.1,0.74,0.09,0.46,0.43,27.18666667,0.293333333,0.184,10.82,0.786666667,1.155333333,0.559333333,0.072,0.23,0.13,0.045,0.156,0.023,10.13924306,1.93E-08,4.98E-06,1.52E-08,4.83E-09,6.67E-09,5.19E-08,1.00E-08,4.57E-05,27.78,12.77,2.51263093,0.012637363,0.214285714,2.281818182,10,0.346153846,0.0038714,0.725,881.5102828,0.584,7.18375,22.57888889,0.1168,2.50E-06,8.89E-09,1.53E-05,3.330333333,9.221333333,6.35E-06,5.132166667,0.143452673,0.533099004,0.603001364,0.315993781,1.54479638,0.823529412,0.024311658,4.349397585,0.796328842
ALLAN HILLS A77156,EH3 CHONDRITE,Enstatite,33.24,0.18,2.98,3.81,18.52,0.26,0.89,0.76,0.09,0.24,0.37,28.38,0.253,0.201,11.17,0.64,1.577,0.56,0.108,0.684470651,0.44990054,0.121240809,1.950066635,0.071274029,10.13924306,5.07E-07,1.10E-05,1.13E-07,1.08E-07,1.20E-07,1.16E-07,3.13E-08,8.97E-05,28.38,14.04,2.540734109,0.014038877,0.205723542,3.348314607,9.603366941,0.269483583,0.04630137,0.900750626,776.6233766,3.276952664,7.1225,23.6,0.655390533,5.73E-06,1.14E-07,2.99E-05,3.48675,9.611333333,1.27E-05,5.361125,0.134249471,0.557160048,0.616510215,0.129439207,1.488580385,0.829377519,0.0255716,4.552941171,0.853790614
YAMATO 792959,EH3 CHONDRITE,Enstatite,32.29,0.075,2.275,17.675,17.72,0.275,1.255,0.56,0.05,0.24,0.32,28.08,0.219,0.2125,10.685,0.895,1.204,0.42,0.045,0.684470651,0.44990054,0.121240809,1.950066635,0.071274029,10.13924306,4.15E-07,8.83E-06,8.94E-08,8.15E-08,9.60E-08,6.94E-08,1.95E-08,2.33E-05,28.08,13.275,2.627983154,0.015519187,0.997460497,1.812749004,9.603366941,0.269483583,0.046998867,0.8484375,335.7348703,3.276952664,6.833125,23.145,0.655390533,4.62E-06,8.90E-08,7.80E-06,3.301,9.503833333,4.11E-06,5.2200625,0.629451567,0.548776711,1.02401273,0.129439207,0.912275745,0.500635683,0.018891298,5.786885236,0.869619077
EET 87746,EH4 CHONDRITE,Enstatite,37.45666667,0.100483333,2.057981481,11.35487879,20.02385185,0.277861111,1.015435185,0.78925,0.079592593,0.332787037,0.429715686,29.1,0.287346084,0.196,11.5,0.842,0.88,0.596729173,0.054481579,0.213028571,0.123112857,0.051628571,26.79048333,0.02444,1.5,6.80E-09,9.75E-06,3.48E-08,1.40E-09,5.50E-09,3.74E-07,7.00E-08,0.00011215,28.11083333,11.54907407,2.530434783,0.013876507,0.567067659,2.026699007,8.716389993,0.419359705,0.000697436,0.427861287,299.8663102,27.20269333,7.754178241,22.91996914,5.440538667,4.88E-06,1.39E-08,3.75E-05,3.454682293,9.861115361,1.53E-05,5.432069604,0.39020202,0.534587128,0.794103759,0.028428119,1.193696045,0.63813454,0.02319594,3.537368782,0.776897748
ELEPHANT MORAINE 87746,EH4 CHONDRITE,Enstatite,37.45666667,0.100483333,2.057981481,11.35487879,20.02385185,0.277861111,1.015435185,0.78925,0.079592593,0.332787037,0.429715686,33.78888889,0.285366667,0.196477778,11.625,0.89825,0.881875,0.50024,0.06505,0.245333333,0.141444444,0.058242857,0.169,0.02598,10.13924306,6.90E-09,9.75E-06,3.48E-08,1.40E-09,5.50E-09,3.74E-07,7.00E-08,0.00011215,28.11083333,11.54907407,2.906571087,0.013876507,0.567067659,2.026699007,9.443161406,0.411771967,0.00070745,0.427861287,299.8663102,0.640000635,7.754178241,24.4829321,0.128000127,4.88E-06,1.39E-08,3.75E-05,3.47634125,11.42357778,1.53E-05,6.030143542,0.336053631,0.534587128,0.794103759,0.376709324,1.193696045,0.63813454,0.02319594,3.537368782,0.90207944
ATARRA,L4,L,40.12,0.12,2.053333333,21.53666667,25.91,0.34,1.916666667,0.786666667,0.106666667,0.256666667,0.486666667,20.52,0.3855,0.259333333,15,1.48,1.0255,0.725,0.07785,1.29,0.222,0.081,0.228,0.043,5.12,2.40E-07,9.40E-06,8.00E-08,8.00E-08,8.50E-08,1.50E-08,1.40E-08,4.16E-05,20.54,5.37,1.368,0.013122347,0.831210601,1.071304348,30,0.364864865,0.025531915,0.941176471,2773.333333,1.864,8.93625,15.47666667,0.3728,4.82E-06,8.17E-08,1.39E-05,4.557625,7.054944444,6.44E-06,4.934147917,1.049545159,0.645812562,1.125039519,0.360032003,0.845581003,0.546086834,0.022266534,4.444029846,0.511465603
GUIBGA,L5,L,39.53,0.11,2.35,14.54,24.37,0.31,1.84,0.9,0.11,0.2,0.5,15.44,0.342,0.248,14.7,1.32,1.24,0.668,0.0651,0.336,0.206,0.078,0.209,0.04,3.08,1.88E-07,2.96E-06,5.65E-08,4.74E-08,5.09E-08,1.36E-08,8.27E-09,2.04E-05,23,6.01,1.050340136,0.012720558,0.596635207,1.277173913,8.4,0.378640777,0.063329584,0.93233945,1506.142506,0.869,8.70125,14.81666667,0.1738,1.58E-06,5.16E-08,6.82E-06,4.482,5.343333333,2.97E-06,4.2528875,0.941709844,0.616493802,0.929083095,0.375913435,1.015934207,0.626317142,0.025550215,4.148514847,0.390589426
BRUDERHEIM,L6,L,40.18571429,0.12,2.162,13.658,24.806,0.332,1.784,0.98,0.136,0.254,0.54,21.61,0.3724,0.250090909,14.62428571,1.302857143,1.1326,0.699545455,0.066733333,0.327,0.152532857,0.07882,0.2188,0.08802,3.3,4.87E-07,5.27E-06,9.21E-08,9.37E-08,1.06E-07,1.56E-08,1.54E-08,1.22E-05,22.435,6.39,1.477679008,0.013383859,0.550592599,1.211883408,3.715064758,0.516741124,0.092518914,0.881015942,782.0516868,0.865172857,8.829964286,16.81166667,0.173034571,2.88E-06,9.74E-08,4.07E-06,4.439822078,7.410830303,2.28E-06,5.007314069,0.632022212,0.617284038,0.908289872,0.431450589,1.044761707,0.644914725,0.027771063,3.535842291,0.537753288
SARATOV,L4,L,40.61333333,0.11,2.26,12.49,25.38666667,0.34,2.033333333,0.763333333,0.113333333,0.386666667,0.596666667,20.77777778,0.365222222,0.2561,14.008,1.381666667,1.104666667,0.583142857,0.060142857,26.38316667,16.1845,6.488,18.37458333,2.824833333,8.3,2.85E-07,1.27E-05,4.25E-08,5.02E-08,4.18E-08,4.39E-08,2.56E-08,5.72E-05,21.5,5.726666667,1.483279396,0.013392857,0.491990546,1.11147541,9.339725058,0.400877383,0.02237721,1.182042918,1304.557885,70.25508333,8.987083333,16.00148148,14.05101667,6.50E-06,4.48E-08,1.91E-05,4.269369048,7.133033333,8.81E-06,4.817089881,0.601122995,0.625082075,0.883455139,0.376229156,1.072252046,0.670245534,0.021585686,4.897338397,0.511599912
RAMSDORF,L6,L,39.03,0.13,2.4,15.42,24.6,0.33,1.86,0.91,0.11,0.18,0.52,16.36,0.356,0.266,14.8,1.29,1.27,0.675,0.07505,0.344,0.223,0.087,0.239,0.042,3.37,7.11E-08,1.44E-06,1.80E-08,1.52E-08,1.68E-08,2.10E-09,2.57E-09,1.77E-06,23.57,3.87,1.105405405,0.013414634,0.626829268,1.290322581,8.19047619,0.390134529,0.049271891,0.905868181,843.452381,0.935,8.6775,14.6,0.187,7.57E-07,1.66E-08,5.92E-07,4.50875,5.660666667,4.17E-07,4.38650625,0.942542787,0.630284397,0.965966691,0.376849435,0.975262369,0.614692654,0.026133743,4.176470584,0.419164745
TATHLITH,L6,L,39.44,0.14,2.4,13.84,24.35,0.33,1.88,0.99,0.11,0.21,0.52,22.55,0.356,0.2595,14.68,1.34,1.27,0.73,0.07755,0.406,0.207,0.075,0.215,0.038,4.05,2.06E-07,1.55E-05,3.32E-08,3.08E-08,3.58E-08,1.84E-08,8.15E-09,5.95E-05,22.55,6.58,1.536103542,0.013552361,0.568377823,1.276595745,10.68421053,0.362318841,0.013290323,0.861538462,3233.695652,0.941,8.71375,17.22666667,0.1882,7.85E-06,3.33E-08,1.98E-05,4.505,7.721833333,9.42E-06,5.15788125,0.613747228,0.617393509,0.912762906,0.355514124,1.032731081,0.637601466,0.027890467,3.890909087,0.571754564
ZHAODONG,L4,L,40.03,0.16,2.24,13.23,25.24,0.35,1.66,1.02,0.11,0.28,0.66,21.45,0.415,0.264,15.16,1.242,1.1875,0.7305,0.096,41.027875,25.29375,10.0705625,28.071,4.406875,0.89,1.44E-07,3.88E-06,4.91E-08,5.40E-08,5.88E-08,9.02E-08,2.17E-08,1.94E-05,21.95,6.03,1.414907652,0.013866878,0.524167987,1.34939759,9.309970217,0.398144304,0.037113402,0.918367347,215.0776053,108.8700625,8.86625,16.47666667,21.7740125,2.01E-06,5.40E-08,6.50E-06,4.58,7.376333333,2.96E-06,5.068125,0.616783217,0.630527105,0.910101727,0.377935925,1.040551079,0.656095659,0.028228828,3.451327431,0.535848114
WETHERSFIELD (1982),L6,L,40.5,0.13,2.29,13.82,25.4,0.36,1.94,0.81,0.09,0.2,0.61,21,0.417,0.271,15.3,1.39,1.21,0.601,0.0713,0.301,0.204,0.078,0.215,0.04,3.1,1.08E-06,1.44E-05,1.99E-07,2.04E-07,2.31E-07,2.55E-08,2.54E-08,5.99E-05,21.03,5.75,1.37254902,0.014173228,0.544094488,1.180412371,7.525,0.382352941,0.075051975,0.883116883,2349.019608,0.838,8.94875,15.92666667,0.1676,7.76E-06,2.11E-07,2.00E-05,4.62525,7.229333333,9.51E-06,5.0325375,0.658095238,0.627160494,0.916569292,0.372443404,1.03263641,0.647628761,0.022222222,4.699999995,0.518518519
WETHERSFIELD (1971),L6,L,39.42,0.12,2.26,15.48,24.64,0.34,1.82,1.05,0.11,0.18,0.5,22.5,0.342,0.264,14.86,1.28,1.196,0.78,0.07045,0.397,0.245,0.083,0.234,0.043,3.47,6.80E-08,1.73E-06,1.88E-08,1.41E-08,1.56E-08,7.20E-09,3.13E-09,9.24E-06,22.5,5.46,1.514131898,0.013798701,0.628246753,1.241758242,9.23255814,0.33877551,0.039287091,0.906584582,1283.564815,1.002,8.7275,16.82,0.2004,8.99E-07,1.61E-08,3.08E-06,4.529,7.702,1.39E-06,5.16155625,0.688,0.62506342,0.962571977,0.34664674,0.982552343,0.614157527,0.029426687,3.517241376,0.570776256
SULTANPUR,L/LL6,L,39.9,0.16,2.07,16.25,24.21,0.35,1.75,0.9,0.1,0.18,0.51,22.44,0.349,0.2695,14.6,1.25,1.096,0.67,0.0856,0.314,0.204,0.0772,0.218,0.039,4.6,8.25E-07,2.73E-05,2.13E-07,2.07E-07,2.34E-07,2.65E-08,2.00E-08,6.65E-05,22.44,5.38,1.536986301,0.014456836,0.671210244,1.182857143,8.051282051,0.378431373,0.03021978,0.884368308,2511.320755,0.8522,8.6825,16.75333333,0.17044,1.41E-05,2.18E-07,2.22E-05,4.404,7.686166667,1.19E-05,5.0950125,0.724153298,0.606766917,0.96402192,0.366078285,0.98615917,0.598368759,0.025062657,3.819999996,0.562406015
LEEDEY,L6,L,39.672,0.114,2.426,13.7925,24.884,0.336,1.828,1.0375,0.096,0.242,0.54,22.45777778,0.350614286,0.258,14.89833333,1.208615385,1.267666667,0.745125,0.06808,17.76612,10.16319722,4.93966,14.3506,1.885841176,3.649,1.26E-07,6.88E-06,2.49E-08,2.56E-08,2.51E-08,7.53E-09,3.90E-09,5.54E-05,22.342,6.5825,1.507402021,0.013502652,0.554271821,1.327133479,9.420793342,0.486034059,0.018235978,1.021956088,7225.933511,49.1054184,8.8151875,17.12742593,9.82108368,3.50E-06,2.52E-08,1.85E-05,4.529935096,7.688797354,7.81E-06,5.156776556,0.614152484,0.627243396,0.918725355,0.409022172,1.025739144,0.643388104,0.028571789,3.7529775,0.566086353
HOLBROOK,L/LL6,L,39.67166667,0.116333333,2.173333333,17.40333333,24.76166667,0.355,1.811666667,1.126,0.108,0.251666667,0.506,19.8725,0.346625,0.269,14.866,1.28125,1.113625,0.790375,0.0678875,0.33675,0.196511111,0.075477778,0.2065,0.03275,7.44575,2.49E-07,1.45E-05,6.47E-08,5.59E-08,7.17E-08,1.36E-08,9.16E-09,5.19E-05,20.345,6.266666667,1.336775192,0.014336676,0.702833681,1.199632015,10.28244275,0.38408911,0.017186193,0.780114141,3802.969208,0.847988889,8.782375,15.49472222,0.169597778,7.36E-06,6.41E-08,1.73E-05,4.5128125,6.829375,8.35E-06,4.825907812,0.87574957,0.624165021,1.00764727,0.37468432,0.940867228,0.587256413,0.031105323,3.229335492,0.500924253
KHOHAR,L3.6 CHONDRITE,L,39.4,0.11,2.28,14.2,24.72,0.35,1.78,0.89,0.1,0.27,0.52,21.87,0.3582,0.257,14.755,1.293333333,1.179,0.687,0.058,34.94711111,20.28411111,8.065955556,22.415,3.361977778,5.7175,1.44E-07,6.38E-06,1.76E-07,5.91E-08,7.39E-08,2.43E-07,5.05E-08,1.78E-05,21.55,6.14,1.482209421,0.014158576,0.574433657,1.280898876,10.39480729,0.397648953,0.022634605,0.799030658,73.27835052,89.07415556,8.72375,16.52,17.81483111,3.26E-06,1.03E-07,6.02E-06,4.478583333,7.495066667,3.11E-06,5.057191667,0.649291267,0.627411167,0.93378119,0.378275717,1.012332991,0.635149024,0.025126904,4.101010097,0.555076142
KYUSHU,L6,L,39.7875,0.12,2.205,14.78666667,24.7925,0.3375,1.785,0.86,0.105,0.215,0.533333333,18.824,0.34725,0.264166667,14.96333333,1.26975,1.17325,0.658666667,0.070675,0.35,0.232,0.083,0.231,0.043,3.39,5.56E-07,4.18E-06,1.27E-07,1.41E-07,1.51E-07,2.60E-08,1.86E-08,3.41E-06,21.71666667,5.836666667,1.258008465,0.013612988,0.596416927,1.235294118,8.139534884,0.357758621,0.092733711,0.93625498,131.1538462,0.939,8.7609375,15.45911111,0.1878,2.37E-06,1.40E-07,1.15E-06,4.51625,6.478472222,1.08E-06,4.696386458,0.785522029,0.62312284,0.94252942,0.358532152,1.005263712,0.626402779,0.024253849,4.134715022,0.473113415
LA CRIOLLA,L6,L,39.6,0.13,2.23,15.76,24.98,0.32,2,0.96,0.09,0.21,0.53,21.95,0.3665,0.256333333,15.05,1.355,1.195,0.7145,0.07045,0.382666667,0.223666667,0.081,0.231166667,0.037166667,3.23,3.91E-07,3.95E-06,9.55E-08,1.06E-07,1.11E-07,3.19E-08,1.34E-08,3.06E-06,21.96,5.35,1.458471761,0.012810248,0.630904724,1.115,10.29596413,0.362146051,0.092733711,0.95581605,95.92476489,0.955666667,8.79875,16.42,0.191133333,2.17E-06,1.04E-07,1.04E-06,4.578625,7.524277778,9.70E-07,5.119722917,0.717995444,0.630808081,0.973942147,0.356222854,0.972017673,0.613156603,0.026515152,4.028571425,0.554292929
DENVER,L6,L,40.57,0.14,2.48,14.16,25.3,0.33,1.83,1.01,0.12,0.23,0.47,21.1,0.322,0.261,15.26,1.31,1.313,0.75,0.07705,0.397,0.248,0.083,0.237,0.045,3.9,4.90E-07,1.60E-05,7.70E-08,8.15E-08,9.75E-08,2.03E-08,1.25E-08,4.73E-05,21.1,5.71,1.382699869,0.013043478,0.559683794,1.355191257,8.822222222,0.334677419,0.030625,0.835897436,2330.049261,1.01,8.98375,15.97,0.202,8.25E-06,8.53E-08,1.58E-05,4.65825,7.227666667,8.01E-06,5.04913125,0.671090047,0.623613508,0.916608595,0.342356105,1.028129752,0.641155601,0.027853093,3.814159289,0.520088736
ELENOVKA,L5,L,39.56,0.12,2.25,14.04,24.35,0.34,1.86,0.99,0.1,0.23,0.54,22.31333333,0.3775,0.26625,14.79,1.213333333,1.183666667,0.710666667,0.0699,30.95822222,19.27922222,8.176444444,22.85466667,3.42,3.023333333,3.35E-07,1.45E-05,5.08E-08,5.42E-08,5.85E-08,1.88E-08,1.27E-08,6.27E-05,23.04,6.28,1.508677034,0.013963039,0.576591376,1.209677419,9.052111761,0.424106551,0.023106517,0.926660137,3331.975199,84.68855556,8.71,17.21111111,16.93771111,7.42E-06,5.45E-08,2.09E-05,4.474416667,7.652361111,9.72E-06,5.11558125,0.629220197,0.615520728,0.918201387,0.389522268,1.030476687,0.63427976,0.027553084,3.770642198,0.564037749
DALGETY DOWNS,L4,L,38.6,0.11,2.8,12.1,24,0.28,2.1,0.9,0.1,0.19,0.48,22.61,0.328,0.216,14.47,1.5,1.482,0.67,0.066,0.2855,0.1721,0.0805,0.2077,0.032,3.865626894,1.69E-07,7.96E-06,6.85E-08,6.64E-08,7.13E-08,1.61E-08,1.04E-08,3.52E-05,22.61,6.3,1.562543193,0.011666667,0.504166667,1.333333333,8.921875,0.467751307,0.021206569,0.931756922,2183.574879,0.7778,8.62125,17.17333333,0.15556,4.06E-06,6.87E-08,1.17E-05,4.5305,7.718,5.44E-06,5.16775,0.535161433,0.621761658,0.871980676,0.425781899,1.069252078,0.664819945,0.025906736,4.899999995,0.585751295
BARRATTA,L4,L,40.605,0.12,2.63,15.63,25.32,0.33,1.56,0.95,0.11,0.26,0.46,21.294,0.3525,0.25225,14.79,1.185,1.306,0.64475,0.072,53.43018333,32.8294,12.56218333,36.17976667,4.527818571,3.865626894,1.48E-07,1.93E-06,4.10E-08,3.20E-08,3.93E-08,5.77E-08,1.41E-08,4.27E-06,21.07,6.25,1.439756592,0.013033175,0.617298578,1.685897436,11.80042497,0.382650409,0.076783398,0.815786123,74.10404624,139.5293519,8.970625,16.20466667,27.90587038,1.04E-06,3.74E-08,1.45E-06,4.4814375,7.299583333,8.17E-07,4.9870625,0.73400958,0.623568526,0.9471493,0.36450272,0.991575092,0.618315018,0.026105159,3.952830185,0.524418175
NEJO,L6,L,39.98,0.12,2.27,14.22,24.83,0.32,1.82,0.92,0.1,0.24,0.56,22.26,0.383,0.257,14.97,1.3,1.201,0.68,0.0677,0.739,0.212,0.078,0.217,0.04,3.82,1.44E-07,5.75E-06,2.19E-08,2.32E-08,2.62E-08,7.63E-09,4.30E-09,4.45E-05,22.26,6.47,1.486973948,0.012887636,0.572694321,1.247252747,18.475,0.367924528,0.02510879,0.887106017,5837.704918,1.286,8.81,16.99666667,0.2572,2.94E-06,2.38E-08,1.48E-05,4.53775,7.633333333,6.31E-06,5.1398375,0.638814016,0.62106053,0.924260355,0.363661063,1.023815621,0.635851472,0.025512756,4.009803918,0.556778389
TANÉ,L5,L,39.76,0.14,1.91,15.14,24.96,0.28,1.54,0.92,0.11,0.26,0.56,23.08,0.383,0.243,15.05,1.1,1.011,0.68,0.0716,0.326,0.223,0.075,0.224,0.041,3,7.81E-07,1.83E-05,1.41E-07,1.51E-07,1.70E-07,1.84E-08,1.83E-08,6.11E-05,23.08,5.43,1.533554817,0.011217949,0.606570513,1.24025974,7.951219512,0.33632287,0.042699454,0.889805539,3321.195652,0.889,8.7175,17.19666667,0.1778,9.54E-06,1.54E-07,2.04E-05,4.46025,7.902,1.01E-05,5.202325,0.655979203,0.6277666,0.962323014,0.335571308,0.991521197,0.62244389,0.025905433,3.34951456,0.580482897
TOURINNES-LA-GROSSE,L6,L,38.625,0.12,2.945,14.45,24.525,0.34,2.24,1.6,0.12,0.26,0.515,22.005,0.355666667,0.262666667,14.785,1.605,1.5585,1.034666667,0.06995,0.34,0.215,0.078,0.223,0.041,3.53,1.06E-07,1.07E-05,1.99E-08,2.13E-08,2.38E-08,6.97E-09,3.43E-09,5.91E-05,22.005,5.53,1.48833277,0.013863405,0.589194699,1.314732143,8.292682927,0.362790698,0.009943688,0.896213184,7225.933511,0.897,8.831875,16.51333333,0.1794,5.38E-06,2.17E-08,1.97E-05,4.745791667,7.541111111,8.74E-06,5.20955625,0.656668939,0.634951456,0.937575174,0.356223806,0.991019885,0.629249519,0.044530744,3.014534882,0.569708738
MONTE DAS FORTES,L5,L,39.77,0.05,3.3,13.21,25.38,0.32,1.81,0.71,0.13,0.3,0.36,21.04,0.243,0.255,15.3,1.285,1.743,0.525,0.040433333,0.337,0.2,0.084,0.201,0.035,3.28,5.01E-07,1.50E-05,1.07E-07,1.16E-07,1.28E-07,1.92E-08,1.59E-08,5.62E-05,21.04,6.14,1.375163399,0.012608353,0.520488574,1.82320442,9.628571429,0.42,0.033322241,0.90625,2927.083333,0.857,8.965,16.07333333,0.1714,7.76E-06,1.17E-07,1.87E-05,4.71325,7.179333333,9.01E-06,5.053929167,0.627851711,0.638169474,0.895983283,0.418953919,1.03057787,0.657683338,0.021121448,6.083333326,0.529041991
VOUILLÉ,L6,L,40.17,0.11,2.07,13.15,24.95,0.36,1.83,0.92,0.11,0.24,0.49,21.52,0.335,0.273,15.05,1.31,1.096,0.68,0.0669,0.624,0.228,0.08,0.226,0.042,3.27,3.56E-07,3.22E-06,6.85E-08,7.23E-08,7.79E-08,1.11E-08,9.65E-09,3.69E-06,21.52,6.91,1.429900332,0.014428858,0.527054108,1.131147541,14.85714286,0.350877193,0.092733711,0.927471117,332.4324324,1.2,8.83125,16.65,0.24,1.79E-06,7.29E-08,1.24E-06,4.534,7.376,9.38E-07,5.0413625,0.61105948,0.621110281,0.901988636,0.352426326,1.054330709,0.654855643,0.025641026,3.786407763,0.535723176
MALAKAL,L5,L,39.665,0.121,2.43,14.11,24.865,0.31,1.975,1.135,0.122,0.225,0.5,22.27,0.342,0.25,14.995,1.41,1.2865,0.84,0.071566667,1.27,0.221,0.082,0.222,0.041,3.88,4.67E-08,5.18E-07,1.48E-08,1.36E-08,1.59E-08,8.68E-09,3.16E-09,3.17E-06,22.27,5.42,1.485161721,0.012467324,0.567464307,1.230379747,30.97560976,0.371040724,0.090112012,0.855841709,365.2073733,1.836,8.840875,16.65333333,0.3672,2.82E-07,1.48E-08,1.06E-06,4.632875,7.620666667,4.74E-07,5.183133333,0.633587786,0.626875079,0.925881934,0.370204102,1.017703656,0.63797306,0.031690407,3.504375494,0.561452162
L'AIGLE,L6,L,39.2,0.12,2.19,13.46,24.31,0.3,1.82,0.96,0.12,0.28,0.48,22.79,0.328,0.2465,14.66,1.3,1.159,0.71,0.06835,0.2965,0.1855,0.0745,0.203,0.036,4.622,1.42E-07,8.47E-06,2.97E-08,3.28E-08,3.35E-08,9.00E-09,7.00E-09,5.08E-05,22.79,6.58,1.554570259,0.012340601,0.553681613,1.203296703,8.236111111,0.401617251,0.016765053,0.977385686,5644.444444,0.7955,8.6475,17.38666667,0.1591,4.31E-06,3.20E-08,1.69E-05,4.45725,7.788166667,7.44E-06,5.15773125,0.590609917,0.620153061,0.912539261,0.383916073,1.037860736,0.643632513,0.02755102,3.71296296,0.581377551
KUNASHAK,L6,L,40.24333333,0.166666667,2.18,13.06,24.88333333,0.31,1.85,0.876666667,0.126666667,0.243333333,0.433333333,21.55,0.296666667,0.24525,15.00666667,1.323333333,1.153666667,0.65,0.090525,0.36,0.222,0.082,0.224,0.041,3.7,5.03E-08,1.56E-06,1.33E-08,1.29E-08,1.30E-08,5.08E-09,2.13E-09,3.35E-06,21.55,6.233333333,1.436028432,0.012458138,0.524849297,1.178378378,8.780487805,0.369369369,0.032280514,0.995192308,659.0163934,0.929,8.839166667,16.44444444,0.1858,8.03E-07,1.31E-08,1.12E-06,4.533416667,7.363972222,6.25E-07,5.039513542,0.606032483,0.618321875,0.894397737,0.3677167,1.060616709,0.655802513,0.024931666,4.016611292,0.535492421
NARELLAN,L6,L,38.45,0.13,2.2,16.43,21.11,0.48,1.56,0.6,0.24,0.41,0.44,25.98,0.301,0.315,12.73,1.11,1.164,0.45,0.06675,0.172,0.124,0.0643,0.158,0.028,2.48,9.68E-08,1.33E-05,1.70E-08,1.16E-08,1.50E-08,1.10E-08,5.00E-09,6.42E-05,25.98,7.28,2.04084839,0.022738039,0.778304121,1.41025641,6.142857143,0.518548387,0.007281279,0.772046589,5839.393939,0.5463,8.13125,19.74666667,0.10926,6.69E-06,1.45E-08,2.14E-05,3.8635,8.865333333,9.71E-06,5.26459375,0.632409546,0.549024707,0.923493235,0.459379471,1.02424081,0.562333511,0.021846554,4.476190471,0.675682705
KARKH,L6,L,38.7,0.12,2.26,14.32,25.01,0.31,1.6,0.92,0.1,0.23,0.52,22.39,0.368,0.249,15.08,1.14,1.196,0.681,0.06815,0.351,0.214,0.077,0.213,0.04,3.63,2.10E-07,4.27E-06,1.16E-07,1.02E-07,1.36E-07,1.30E-08,8.70E-09,4.60E-06,22.39,6.91,1.484748011,0.012395042,0.572570972,1.4125,8.775,0.359813084,0.049180328,0.75,353.8461538,0.895,8.64125,17.23,0.179,2.24E-06,1.18E-07,1.54E-06,4.52425,7.669,1.18E-06,5.14651875,0.639571237,0.64625323,0.960205078,0.360656725,0.983981693,0.635901348,0.026356589,3.784313722,0.578552972
KIEL,L6,L,39.91,0.11,2.17,14.12,24,0.33,1.77,1.08,0.13,0.26,0.42,22.5,0.287,0.2615,14.47,1.27,1.148,0.8,0.0589,0.227,0.171,0.0706,0.191,0.036,2.89,2.35E-07,1.21E-05,3.43E-08,2.58E-08,3.57E-08,1.06E-08,5.70E-09,6.25E-05,22.5,6.77,1.554941258,0.01375,0.588333333,1.225988701,6.305555556,0.412865497,0.019408154,0.723244787,5917.0347,0.6956,8.70625,17.25666667,0.13912,6.18E-06,3.19E-08,2.08E-05,4.422,7.682833333,9.37E-06,5.099425,0.627555556,0.601353044,0.905893536,0.390651917,1.046956978,0.629590766,0.030318216,3.256198344,0.563768479
BARWELL,L5,L,40.1,0.1,2.54,14.515,25.15,0.325,1.745,1.115,0.108,0.215,0.325,19.98142857,0.23975,0.2505,15.486,1.396,2.20225,0.94425,0.062,67.4724,34.17116667,15.8635,46.1844,7.1284,3.865626894,6.06E-08,1.11E-05,1.53E-08,1.06E-08,1.18E-08,8.20E-09,1.22E-08,5.58E-05,21.585,6.425,1.290289847,0.012922465,0.577137177,1.455587393,9.465293755,0.464236418,0.005454341,0.898822108,6805.609756,170.8198667,8.91225,15.99714286,34.16397333,5.59E-06,1.26E-08,1.86E-05,5.007125,6.823892857,8.38E-06,5.070272321,0.726424537,0.627182045,0.930229831,0.399320362,1.010966847,0.634060255,0.030498753,3.503679474,0.498289989
FARMINGTON,L5,L,40.675,0.14,1.985,15.15,24.98,0.31,1.88,0.96,0.115,0.26,0.55,21.7,0.3545,0.244666667,15.03666667,1.32125,1.01575,0.634666667,0.080975,0.37605,0.2413,0.0854,0.254075,0.0414,3.09,1.40E-09,1.01E-06,1.50E-08,3.00E-10,1.60E-09,6.88E-09,4.43E-09,3.58E-06,20.785,4.79,1.443138994,0.012409928,0.606485188,1.055851064,9.083333333,0.353916287,0.001384768,0.427861287,520,0.998225,8.895625,15.75833333,0.199645,5.06E-07,5.63E-09,1.20E-06,4.502083333,7.433055556,5.77E-07,5.048559375,0.698156682,0.614136447,0.940693858,0.344904008,1.013580862,0.62247695,0.02642901,3.595348834,0.533497234
CHICO,L6,L,40.24,0.11,3.07,15.18,24.96,0.35,2.07,0.8,0.13,0.23,0.37,19.06,0.253,0.27,15.05,1.117142857,1.625,0.59,0.066,0.403,0.3075,0.0985,0.3195,0.047,3.45,7.28E-07,5.77E-06,1.67E-07,1.87E-07,2.00E-07,4.34E-08,2.04E-08,3.84E-06,19.06,4.72,1.266445183,0.014022436,0.608173077,1.483091787,8.574468085,0.320325203,0.092733711,0.936996423,88.37880809,1.1755,8.98125,14.28,0.2351,3.25E-06,1.85E-07,1.30E-06,4.595535714,6.527666667,1.37E-06,4.753892857,0.796432319,0.62027833,0.926806742,0.314252136,1.00249128,0.621823617,0.023111332,5.526881714,0.473658052
CHANTONNAY,L6,L,38.505,0.12,2.49,16.295,25.165,0.305,1.615,1.02,0.11,0.25,0.605,21.71,0.396,0.24625,15.175,1.155,1.318,0.745,0.0702,0.666,0.24,0.083,0.234,0.044,3.68,1.79E-07,1.66E-06,4.59E-08,3.88E-08,4.30E-08,1.50E-08,7.30E-09,4.20E-06,21.71,5.725,1.430642504,0.012120008,0.647526326,1.541795666,15.13636364,0.345833333,0.092733711,0.903100775,280,1.267,8.6825,16.38166667,0.2534,9.20E-07,4.26E-08,1.41E-06,4.59825,7.45075,7.74E-07,5.10193125,0.750575771,0.653551487,1.011342847,0.35023903,0.928726483,0.606970574,0.029346838,3.63274336,0.56382288
BACHMUT,L6,L,39.06,0.102,2.59,13.87,25.51,0.32,1.85,0.93,0.094,0.34,0.54,17.085,0.306,0.264333333,15.39,1.58,1.4005,0.783,0.066166667,0.209,0.160666667,0.083,0.157,0.03,3.44,3.00E-07,9.30E-06,5.57E-08,6.00E-08,6.27E-08,1.41E-08,9.67E-09,6.32E-05,22.37,6.85,1.110136452,0.0125441,0.54370835,1.4,6.966666667,0.51659751,0.032258065,0.957446809,4474.056604,0.639666667,8.83675,15.435,0.127933333,4.80E-06,5.94E-08,2.11E-05,4.788375,5.885111111,9.13E-06,4.609375,0.811823237,0.653097798,0.945498199,0.522595146,0.991874048,0.647790757,0.026216078,4.335937496,0.437403994
AUSSON,L5,L,39.19,0.0955,2.17,13.49,24.465,0.32,1.765,0.95,0.089,0.39,0.395,23.04,0.304666667,0.251,14.75,1.26,1.125666667,0.683333333,0.060433333,0.368,0.121015,0.076,0.215,0.04,3.37,1.02E-06,1.69E-05,1.92E-07,2.10E-07,2.30E-07,3.27E-08,3.03E-08,5.82E-05,23.43,6.245,1.562033898,0.01307991,0.551399959,1.229461756,9.2,0.62802132,0.060237389,0.910869565,1782.542113,0.820015,8.667375,17.57166667,0.164003,8.93E-06,2.10E-07,1.94E-05,4.45475,7.865222222,9.59E-06,5.1843875,0.585503472,0.624266394,0.917674081,0.471166883,1.032538532,0.644579107,0.026511865,3.787295473,0.587905078
ALFIANELLO,L6,L,40.06666667,0.103333333,2.606666667,14.68,24.91666667,0.313333333,1.853333333,0.95,0.106666667,0.223333333,0.4,21.89618889,0.330157143,0.25098,14.9574,1.333133333,1.301366667,0.71775,0.0629,60.0176,24.43785714,14.2568,29.04557143,5.109483333,3.7,4.67E-07,4.03E-06,9.60E-08,8.40E-08,9.40E-08,2.74E-08,1.46E-08,1.24E-05,21.42666667,5.14,1.463903412,0.012575251,0.58916388,1.40647482,11.74631486,0.583389939,0.092733711,0.893617021,453.7149817,132.8673119,8.879583333,16.15428519,26.57346238,2.25E-06,9.13E-08,4.15E-06,4.5774125,7.492442011,2.15E-06,5.106234504,0.670436306,0.6218802,0.92790189,0.5351192,1.011869686,0.629261722,0.026372712,4.220820185,0.546493899
HONOLULU,L5,L,39.305,0.11,2.485,14.02,24.78,0.32,1.88,1.145,0.13,0.185,0.455,22.45,0.3115,0.250333333,14.945,1.345,1.315,0.85,0.064033333,0.282,0.187,0.076,0.198,0.037,3.2,7.65E-07,1.19E-05,1.87E-07,2.06E-07,2.25E-07,3.94E-08,2.29E-08,5.80E-05,22.45,6.63,1.50217464,0.01291364,0.565778854,1.321808511,7.621621622,0.406417112,0.064310924,0.915442813,1472.588832,0.78,8.77875,17.17666667,0.156,6.33E-06,2.06E-07,1.94E-05,4.61375,7.670611111,8.92E-06,5.191358333,0.624498886,0.630454141,0.928451783,0.394966436,1.013015464,0.638659794,0.032438621,3.423529409,0.571174151
GIRGENTI,L6,L,39.48,0.12,1.83,16.535,24.235,0.35,1.76,1.14,0.1,0.24,0.65,23.15666667,0.433666667,0.268333333,14.615,1.255,0.9685,0.826666667,0.06705,0.369,0.217,0.078,0.22,0.041,3.5,4.57E-07,5.29E-06,1.03E-07,1.13E-07,1.20E-07,2.00E-08,1.53E-08,2.53E-05,23.585,5.835,1.584445205,0.014441923,0.682277698,1.039772727,9,0.359447005,0.086427221,0.942643392,1266.5,0.925,8.641875,17.52555556,0.185,2.87E-06,1.12E-07,8.46E-06,4.416291667,7.952888889,3.93E-06,5.198860417,0.71404923,0.613855116,0.986928105,0.356987816,0.968359088,0.594432181,0.031408308,2.895161288,0.586541709
LOUISVILLE,L6,L,40.73,0.13,2.22,15.09,25.45,0.36,1.8,0.96,0.11,0.19,0.55,21.725,0.376,0.27075,15.025,1.29,1.1775,0.6925,0.073075,0.5725,0.2005,0.077,0.211,0.0395,3.205,5.07E-07,4.18E-06,1.33E-07,1.23E-07,1.34E-07,2.06E-08,1.53E-08,4.90E-06,20.65,4.83,1.445923461,0.014145383,0.592927308,1.233333333,14.49367089,0.3840399,0.092733711,0.92256899,238.229572,1.1005,8.9775,15.735,0.2201,2.34E-06,1.30E-07,1.64E-06,4.54625,7.45725,1.25E-06,5.078728125,0.694591484,0.62484655,0.943888242,0.374362472,1.004686729,0.627775037,0.026270562,3.757009342,0.533390621
YAMATO 74362,L6,L,38.63,0.14,2.38,15.62,25.38,0.32,1.73,0.88,0.12,0.25,0.43,22.6,0.294,0.248,15.3,1.24,1.26,0.653,0.06805,0.355,0.214,0.0831,0.235,0.0378,4.92,2.57E-07,6.53E-06,6.04E-08,6.43E-08,7.24E-08,1.18E-08,8.10E-09,6.39E-05,22.62,6.03,1.477124183,0.012608353,0.615445232,1.375722543,9.391534392,0.388317757,0.039356815,0.888121547,5415.254237,0.9249,8.71125,17.08333333,0.18498,3.39E-06,6.57E-08,2.13E-05,4.61325,7.714,8.86E-06,5.20788125,0.691150442,0.65700233,0.999756157,0.370561422,0.942195122,0.61902439,0.025886617,4.109999996,0.585037536
NEW CONCORD,L6,L,38.52833333,0.121666667,2.136666667,13.73333333,24.33666667,0.331,1.711666667,0.83,0.1125,0.216666667,0.548,19.81,0.36725,0.261,14.7075,1.2398,1.12575,0.607333333,0.07304,0.318,0.202,0.078,0.212,0.038,3.34,3.57E-08,2.43E-06,6.00E-09,1.13E-08,9.50E-09,0.002823154,0.002346952,1.483026984,22.0475,6.106666667,1.346931837,0.013600877,0.564306259,1.248296008,8.368421053,0.386138614,0.014705155,1.182042918,525.3085237,0.848,8.5254375,15.98805556,0.1696,1.23E-06,8.92E-09,0.496065697,4.420095833,6.81275,0.186024947,4.773959167,0.693252566,0.631656357,0.936185909,0.376921565,1.012039226,0.63926101,0.024462517,4.083112286,0.514167063
YAMATO 75097,L6,L,39.71,0.21,2.6,15.77,26.03,0.34,1.82,0.95,0.08,0.26,0.58,20.06666667,0.375666667,0.263,15.3,4.9025,1.285,0.724666667,0.093,0.431333333,0.267333333,0.091733333,0.283,0.046866667,3.74,2.384000317,27.20000278,2.678000069,1.715000079,2.350000082,0.138333353,0.11500001,72.66666861,20.91,5.94,1.311546841,0.013061852,0.605839416,1.428571429,9.20341394,0.343142145,0.087647062,0.729787242,525.3011459,1.120266667,8.97375,15.63888889,0.224053333,14.79200155,2.247666743,24.30666732,5.553041667,6.901777778,13.65587566,5.3763125,0.785880399,0.655502392,0.987946112,0.333508878,0.95,0.622727273,0.025938051,4.291262132,0.505330311
HARLETON,L6,L,39.85,0.1,2.14,14.3,24.77,0.33,1.81,0.92,0.1,0.23,0.52,25.25,0.369,0.2535,14.94,1.29,1.1715,0.69,0.06,0.272,0.1786,0.0822,0.2162,0.0331,3.865626894,7.05E-07,5.75E-06,1.28E-07,1.34E-07,1.51E-07,2.28E-08,2.00E-08,9.85E-06,22.6,6.58,1.690093708,0.013322568,0.577311264,1.182320442,8.217522659,0.460246361,0.092733711,0.883325981,432.967033,0.7821,8.76875,18.14333333,0.15642,3.23E-06,1.38E-07,3.30E-06,4.522875,8.624166667,2.09E-06,5.503,0.566336634,0.621580928,0.930459633,0.418314813,1.019964167,0.633990274,0.025595985,3.872549016,0.633626098
ISOULANE-N-AMAHAR,L6,L,38.7,0.26,2.15,19.2,25.25,0.21,2,0.9,0.25,0.18,0.33,22.55,0.226,0.162,15.23,1.43,1.138,0.67,0.156,0.3026,0.1955,0.0705,0.2048,0.0305,3.865626894,3.60E-08,1.05E-06,1.10E-08,9.00E-09,1.12E-08,1.11E-08,3.30E-09,4.33E-06,22.55,3.85,1.480630335,0.008316832,0.76039604,1.075,9.921311475,0.360613811,0.034285714,0.803571429,390.0900901,0.8039,8.705,16.31666667,0.16078,5.43E-07,1.04E-08,1.45E-06,4.617,7.646,6.83E-07,5.19525,0.851441242,0.65245478,1.088127295,0.35233092,0.87064117,0.568053993,0.029715762,3.608695649,0.582687338
YAMATO 7305,L6,L,39.15,0.11,2.08,13.1,24.52,0.38,1.83,1.05,0.13,0.27,0.31,22.77,0.212,0.2785,14.79,1.31,1.1755,0.78,0.066,0.363,0.226,0.0743,0.238,0.0371,3.67,4.18E-07,9.87E-06,9.91E-08,1.02E-07,1.12E-07,4.04E-08,1.90E-08,6.91E-05,22.64,7.57,1.539553753,0.015497553,0.534257749,1.136612022,9.784366577,0.328761062,0.042350557,0.910714286,1710.39604,0.9384,8.67625,17.66,0.18768,5.14E-06,1.04E-07,2.31E-05,4.513875,7.7535,9.97E-06,5.17275,0.575318401,0.626309068,0.912442396,0.320365775,1.040669856,0.651780968,0.030140485,3.313559319,0.581609195
YAMATO 793241,L6,L,38.63,0.07,2.44,15.04,25.66,0.33,1.86,0.93,0.11,0.21,0.54,22.46666667,0.3235,0.261,15.19,1.303333333,1.1555,0.7175,0.051,0.3365,0.2145,0.0812,0.249,0.0376,3.56,4.24E-07,1.47E-05,6.22E-08,6.15E-08,7.44E-08,1.52E-08,9.40E-09,5.58E-05,21.6,6.34,1.47904323,0.012860483,0.586126267,1.311827957,8.949468085,0.378554779,0.02890785,0.827841291,3671.052632,0.9188,8.77125,16.80222222,0.18376,7.54E-06,6.60E-08,1.86E-05,4.591583333,7.683722222,8.89E-06,5.1835625,0.669436202,0.664250582,0.990990991,0.351352223,0.949140049,0.63046683,0.026922081,4.134615381,0.581585987
ALLAN HILLS A76009,L6,L,37.585,0.0745,2.375,16.4,24.745,0.255,1.805,0.84,0.095,0.25,0.43,31.19833333,0.28048,0.191733333,14.97,1.23,1.2378,0.59,0.049666667,0.282,0.177,0.0775,0.208,0.0325,4.945,2.29E-07,7.50E-06,6.40E-08,6.60E-08,7.11E-08,1.27E-08,7.03E-09,5.85E-05,22.245,6.63,2.084057003,0.010305112,0.662760154,1.315789474,8.676923077,0.437853107,0.030466667,0.928001876,4602.362205,0.777,8.49375,20.02444444,0.1554,3.86E-06,6.70E-08,1.95E-05,4.50695,10.55684889,8.30E-06,6.218501667,0.525669106,0.658374351,1.029654655,0.403908878,0.913476729,0.601409649,0.024876946,4.470588231,0.830074054
AUMALE,L6,L,39.94,0.12,2.31,13.51,24.92,0.3,1.87,0.98,0.11,0.26,0.5,21.65,0.342,0.249,15.03,1.34,1.223,0.73,0.07025,0.609,0.246,0.107,0.273,0.0455,7.54,3.63E-07,0.555110209,7.30E-08,7.27E-08,8.10E-08,1.55E-08,1.15E-08,1.52E-05,21.65,5.81,1.440452428,0.012038523,0.542134831,1.235294118,13.38461538,0.43495935,6.54E-07,0.897530864,977.4193548,1.2805,8.83625,16.37,0.2561,0.277555286,7.56E-08,5.06E-06,4.58075,7.413666667,0.069390747,5.07928125,0.624018476,0.623935904,0.909585799,0.412890508,1.03929222,0.64845173,0.027290936,3.834862382,0.542063095
NIKOLSKOE,L4,L,39.55,0.092,2.56,14.355,24.495,0.24,1.87,1.2,0.17,0.37,0.38,22.69333333,0.331,0.2235,14.71333333,1.35,1.316333333,0.802,0.055,64.658,40.3608,15.6624,43.172,6.2248,3.865626894,6.22E-07,1.46E-05,1.05E-07,1.13E-07,1.21E-07,3.50E-08,1.81E-08,4.55E-05,23.29,6.525,1.542365202,0.009797918,0.586037967,1.368983957,10.38716103,0.388059701,0.042749141,0.932091097,1301.239276,170.078,8.806875,17.50277778,34.0156,7.59E-06,1.13E-07,1.52E-05,4.545416667,7.749277778,7.63E-06,5.1855625,0.63256463,0.619342604,0.922583709,0.37521254,1.018018018,0.63050193,0.034639697,3.23357664,0.573788453
ALLENDE,CV3,Carbonaceous,33.67095238,0.22525,3.2035,28.7035,24.399,0.1885,2.7115,0.408947368,0.038411765,0.2432,0.491176471,23.75546138,0.357731655,0.146593253,14.60560388,1.839301667,1.723204074,0.345869643,0.087850045,0.498883088,0.714951948,0.116337209,0.314135246,0.047186061,4.780121212,5.59158734,12327.66691,56.94956629,0.959462379,7.615242835,198.1249485,66.17114966,722.0595463,22.75588235,5.056,1.626462116,0.007725726,1.176421165,1.181449382,10.57267934,0.162720319,0.00045358,0.427861287,3.644465535,1.691493552,8.108001439,17.18911458,0.33829871,6166.629251,21.84142384,328.7852148,4.628494815,8.08659543,1673.142302,5.357701949,1.208290571,0.724630528,1.440089183,0.245483259,0.634074712,0.459469893,0.013286204,13.22203918,0.705517952
MURRAY,CM2,Carbonaceous,23.70166667,0.06,2.35,32.60333333,13.74,0.166666667,1.078333333,0.376,0.043333333,0.24,0.316,19.8359,0.30759,0.1758,10.76143,1.244745455,1.19526,0.167811111,0.061785714,0.494230769,0.239266667,0.087073333,0.237266667,0.035523077,10.624,3.443157923,15956.00008,1063.683091,4.63800001,186.6464815,331.3622228,66.34588242,787.6000015,20.985,7.67,1.843240164,0.012130034,2.372877244,2.179289026,13.91294933,0.363917526,0.000215791,0.427861287,2.376855137,1.093360513,5.212,16.16363333,0.218672103,7979.721619,418.3225242,395.1027023,3.342311641,6.773096667,2299.964865,4.218790285,1.643652838,0.579706068,1.778900902,0.365448097,0.511436381,0.296482773,0.017692145,8.175675656,0.836898952
IVUNA,CI1,Carbonaceous,28.155,0.055,2.26,14.175,17.8,0.165,1.045,0.575,0.085,0.255,0.415,21.17608889,0.244277778,0.21082,9.6442,1.031675,0.82314,0.53004,0.040566667,0.236845455,0.150038462,0.05655,0.172358333,0.02679,3.265714286,5.48E-08,9.08E-05,8.87E-06,5.43E-09,3.67E-08,10.10909156,1.70E-07,4.69E-06,19.01,18.38,2.195733072,0.009269663,0.796348315,2.162679426,8.840815773,0.376903358,0.000603523,0.427861287,4.64E-07,0.642582249,6.2925,19.52202963,0.12851645,4.54E-05,2.97E-06,3.369698807,3.00726375,7.210395556,1.263649529,4.212601042,0.669387065,0.632214527,1.051290482,0.351653677,0.880531665,0.55668491,0.023441662,5.00757575,0.752125338
COLD BOKKEVELD,CM2,Carbonaceous,31.62375,0.112857143,2.6275,24.22666667,21.23888889,0.27375,4.964444444,0.596666667,0.062857143,0.274285714,0.455714286,20.37420909,0.3100375,0.161325,11.15147143,1.192471429,1.1191125,0.3993625,0.055525,0.292909091,0.188727273,0.075118182,0.214818182,0.03151,3.16,3.616666672,28483.33335,90.71250057,0.244545467,10.91250005,563.8333335,105.55,208.0000026,22.03,8.16,1.827042218,0.012889092,1.140674863,0.529263653,9.295750267,0.398025048,0.000126975,0.427861287,0.368903345,0.803082727,7.707767857,16.85473636,0.160616545,14243.47501,33.95651536,292.4611121,3.465604464,6.948523864,3683.275363,4.345439306,1.189085012,0.671611965,1.32741303,0.373071622,0.695554021,0.467142403,0.020855332,11.51125149,0.644269231
NOGOYA,CM2,Carbonaceous,30.26,0.12,2.672,18.22875,17.79,1.1925,13.63875,0.7375,0.06,0.225,0.4125,20.34764,0.2839375,0.154761818,11.08216727,1.254290909,1.133830909,0.4295525,0.05932,0.300733333,0.1842,0.078213333,0.2082,0.032593333,3.355,6.970000022,20607.14294,145.6295242,0.425909092,13.93550003,27.80526354,6.191250014,774.3333358,22.32333333,8.97,1.836070463,0.06703204,1.024662732,0.195912382,9.226835754,0.42461093,0.000338232,0.427861287,27.8484444,0.80394,8.32196875,17.21365778,0.160788,10307.05647,53.3303111,269.4432831,3.474960398,6.928779773,2697.804215,4.343187614,0.895865565,0.587904825,1.093731021,0.399388557,0.840117994,0.493909422,0.026354924,20.45235107,0.672426966
MURCHISON,CM2,Carbonaceous,27.321,0.1138,2.5175,32.03625,16.81875,0.1625,1.32875,0.44125,0.0488,0.278,0.3225,21.39664375,0.316713333,0.17080625,11.93237692,1.280693333,1.181325,0.254614286,0.079827273,0.298846875,0.282313243,0.073493939,0.213852941,0.033109375,3.885538462,33.93923168,69422.79142,356.7579627,1.470842166,42.5246313,700.4396889,146.5345885,745.0202678,22.09666667,7.24,1.793158554,0.009661836,1.904793757,1.894637817,9.026050024,0.260327637,0.000488877,0.427861287,1.063646563,0.901616374,6.11456875,16.91110347,0.180323275,34728.36533,133.5844787,530.6648484,3.662252386,7.294721111,8931.184829,4.576625019,1.497255849,0.615597892,1.637314208,0.299108177,0.559226282,0.34425852,0.017936752,7.848688893,0.783157416
VIGARANO,CV3,Carbonaceous,32.93333333,0.151666667,3.653333333,30.755,21.98833333,0.225,2.583333333,0.586,0.065,0.266666667,0.4775,22.90515,0.3531466,0.140433,14.086775,1.890666667,1.836177778,0.272977778,0.102795143,0.4696625,0.294627273,0.107433333,0.318655556,0.04488,4.907,1.26E-07,0.0001401,2.43E-07,2.12E-08,4.75E-08,3.03E-07,5.97E-08,1.43E-05,23.1425,6.36,1.626003823,0.010232699,1.398696278,1.414193548,10.46485071,0.364641509,0.00090257,0.446315789,47.11972684,1.235258662,7.787625,17.46921667,0.247051732,7.01E-05,1.04E-07,4.87E-06,4.521649306,7.799576533,1.94E-05,5.198515246,1.342711137,0.667661943,1.441599854,0.350624153,0.624407508,0.41689313,0.019767206,9.580133114,0.695500506
ORGUEIL,CI1,Carbonaceous,25.36555556,0.08,1.704285714,7.064166667,18.99,2.685,20.55208333,0.68,0.061428571,0.252857143,0.388,18.19268276,0.2635,0.186058824,9.21918,0.895353846,0.840991667,0.4871,0.04588,300.2478533,18.90786327,1.279919149,4.576765957,0.688797727,2.47908,1.157105451,7327.561374,28.50976221,0.121463427,3.638367413,106.6647067,16.22709693,56.15385135,19.025,12.63,1.973351508,0.141390205,0.371994032,0.082925205,435.9013415,0.067692427,0.000157911,0.427861287,0.52645203,325.7011994,8.78640129,16.61589425,65.14023989,3664.35924,10.75653102,59.681885,2.860656378,6.214080527,942.504216,3.766343387,0.388297139,0.748653029,0.962479477,0.137588444,0.97357002,0.728866144,0.029229739,30.01822411,0.717219961
KAROONDA,CK4,Carbonaceous,35.662,0.1552,3.592,25.2175,27.134,0.18,2.354,0.555,0.04,0.22,0.37,24.112,0.362322222,0.14381,15.36,1.712888889,1.627625,0.373875,0.09472,0.4443125,0.281823529,0.111294118,0.316176471,0.04591875,4.746333333,7.95E-07,2.62E-05,1.728571543,0.550000126,0.311579009,1.477777793,0.823333392,1.47E-05,22.735,4.055,1.569791667,0.006633744,0.929369057,1.525913339,9.676058255,0.394907118,0.030311427,1.182042918,9.94E-06,1.199525368,8.717125,16.96733333,0.239905074,1.35E-05,0.863383559,0.767041958,4.768597222,8.206044074,0.611412946,5.473405139,1.04584854,0.760865908,1.333660264,0.372836834,0.681203022,0.518304156,0.016684426,9.993277294,0.676125848
LEOVILLE,CV3,Carbonaceous,34.08,0.14,3.46,23.13,24.875,0.19,2.43,0.225,0.025,0.245,0.5,23.33,0.323533333,0.137425,15,1.735,1.83,0.161333333,0.0882,2.52,0.557333333,0.168,0.35675,0.05,36.465,17.83107146,1976.071431,8.020666702,3.868387105,4.82066668,107.5688893,20.53259268,803.7407437,22.945,5.59,1.555333333,0.007638191,0.929849246,1.423868313,50.4,0.301435407,0.009023495,0.802458946,7.471869875,3.652083333,8.19125,17.28833333,0.730416667,996.9512513,5.569906829,310.6140752,4.681583333,7.930319444,367.8068061,5.325686458,0.991427347,0.729900235,1.278769313,0.376764331,0.709926049,0.51817519,0.007335681,23.55999991,0.684565728
ALAIS,CI1,Carbonaceous,33.71666667,0.12,3.083333333,17.37,24.65666667,0.33,1.92,0.933333333,0.076666667,0.316666667,0.476666667,17.292,0.242242857,0.199128571,10.06,0.7634,1.022166667,0.5006,0.04532,0.227,0.3651,0.05712,0.1622,0.02367,2.38,9.86E-08,8.03E-05,3.78E-07,1.69E-08,6.24E-08,7.93E-07,1.49E-07,4.02E-06,17.38,17.71,1.71888668,0.013383804,0.704474787,1.605902778,9.590198564,0.156450288,0.001228821,0.427861287,5.073560319,0.83509,8.129166667,17.46066667,0.167018,4.02E-05,1.52E-07,1.66E-06,3.086541667,5.91112381,1.07E-05,3.765607262,1.004510756,0.731290163,1.142028985,0.234723653,0.802268401,0.58669099,0.029955512,4.953795375,0.512862086
EFREMOVKA,CV3,Carbonaceous,34.57333333,0.150666667,3.283333333,22.14,24.33333333,0.200666667,2.476666667,0.206666667,0.024666667,0.295333333,0.53,22.59125,0.36075,0.1494,14.586,1.59,1.6684,0.244625,0.0936,0.4555,0.29975,0.0955,0.35375,0.04275,25.4,1.13E-06,0.00794025,4.24E-05,1.62E-07,5.02E-06,8.77E-06,1.72E-06,5.63E-06,22.16,5.68,1.548831071,0.008246575,0.909863014,1.325706595,10.65497076,0.318598832,0.000142899,0.427861287,0.64246341,1.24725,8.17425,16.81041667,0.24945,0.003970692,1.59E-05,5.38E-06,4.52225625,7.700466667,0.001000635,5.160503125,0.980025452,0.703817971,1.227612926,0.293275342,0.743939177,0.523597762,0.006691091,24.89913534,0.653429907
MIGHEI,CM2,Carbonaceous,26.51428571,0.148,2,23.23714286,17.18,0.23,1.527142857,1.1175,0.105,0.3,0.451666667,21.20604286,0.3191125,0.182825,11.92006667,1.249816667,1.154071429,0.509957143,0.060725,0.324583333,0.2066,0.07905,0.225033333,0.034433333,3.065,3.00E-08,7.20E-05,2.86E-07,7.41E-09,2.70E-08,1.28E-06,1.29E-07,1.07E-05,20.99,10.05,1.779020491,0.01338766,1.352569433,1.309635173,9.42642788,0.382623427,0.000417326,0.427861287,8.381069226,0.8697,6.121741071,17.41534762,0.17394,3.60E-05,1.07E-07,4.04E-06,3.708477976,7.235993452,1.06E-05,4.575327158,1.095779303,0.647952586,1.41743487,0.366617581,0.656015835,0.425067157,0.04610722,2.885188429,0.799796875
BORISKINO,CM2,Carbonaceous,27.155,0.125,2.7,12.625,18.80333333,0.883333333,11.08666667,0.925,0.12,0.32,0.355,17.6475,0.27714,0.162356,11.978172,1.19951,1.233328,0.504432,0.067215,0.380666667,0.211666667,0.079266667,0.227666667,0.032466667,3.085,4.14E-08,0.000127563,5.35E-07,2.96E-09,5.06E-08,6.05E-07,1.15E-07,1.19E-05,21.495,9.19,1.473304942,0.046977486,0.671423506,0.243535779,11.724846,0.374488189,0.000324771,0.427861287,19.69014666,0.931733333,7.749166667,16.11083333,0.186346667,6.38E-05,1.96E-07,4.21E-06,3.7288605,6.028998667,1.76E-05,4.133706625,0.715398782,0.692444608,1.052699157,0.361089312,0.864029273,0.598292411,0.038482784,13.19298244,0.649880317
GROSNAJA,CV3,Carbonaceous,31.17333333,0.1485,2.15,27.2,22.35,0.19,2.06,0.66,0.03,0.39,0.45,23.35166667,0.320166667,0.155985714,13.392,1.8394,1.401,0.382833333,0.084575,0.4346,0.2446,0.0975,0.2713,0.0384,6.908806031,1.14E-08,1.72E-05,6.38E-08,6.00E-09,1.37E-08,2.54E-07,9.78E-08,1.22E-05,24.85,5.76,1.743702708,0.008501119,1.217002237,1.04368932,11.31770833,0.398609975,0.000666882,0.43956044,47.90374705,1.0864,7.375416667,17.98722222,0.21728,8.59E-06,2.78E-08,4.18E-06,4.253808333,7.942606349,3.72E-06,5.115953423,1.164799086,0.716958939,1.486946084,0.378487456,0.629128826,0.451059536,0.022134303,6.101449267,0.749091103
BALI,CV3,Carbonaceous,33.78,0.163333333,3.163333333,26.09333333,24.54,0.196666667,2.613333333,0.526666667,0.06,0.256666667,0.47,18.89,0.33405,0.150725,14.6125,1.8045,1.357,0.3805,0.0845,0.474,0.28525,0.097166667,0.310666667,0.04465,6.908806031,2.59E-07,2.45E-05,1.73E-07,9.66E-08,1.13E-07,2.94E-07,6.47E-08,1.54E-05,23.36,4.673333333,1.292728828,0.008014127,1.063298017,1.210459184,10.61590146,0.340636868,0.010551331,0.85608747,52.48130523,1.211733333,8.142083333,15.64111111,0.242346667,1.24E-05,1.28E-07,5.27E-06,4.538625,6.458258333,5.12E-06,4.701721875,1.38133051,0.726465364,1.370567536,0.326405259,0.66714944,0.484660961,0.017367278,9.846590892,0.559206631
YAMATO 82162,C1/2-UNG,Carbonaceous,26.99,0.23,2.26,10.85,20.19,0.31,2.04,0.87,0.13,0.36,0.48,24.205,0.328,0.216333333,11.445,1.185,1.032,0.516666667,0.073333333,0.263,0.193666667,0.067,0.140333333,0.0307,2.8,8.60E-09,5.04E-05,2.10E-07,1.10E-09,2.47E-08,9.16E-07,1.75E-07,4.30E-06,22.81,20.08,2.114897335,0.015354136,0.53739475,1.107843137,8.566775244,0.34595525,0.000170635,0.427861287,4.694323144,0.6947,6.64375,22.365,0.13894,2.52E-05,7.86E-08,1.80E-06,3.544666667,8.249777778,7.00E-06,4.875166667,0.448254493,0.748054835,1.061196581,0.406412391,0.869523196,0.650451031,0.03705076,4.299999996,0.896813635
BANTEN,CM2,Carbonaceous,32.27,0.13,2.695,25.76,21.87,0.27,1.945,0.87,0.08,0.265,0.395,12.44,0.264333333,0.178,11.17666667,1.453333333,1.09,0.427666667,0.060666667,0.5585,0.1965,0.076,0.22,0.033,3.15,2.379366742,0.00804,4.02E-05,0.421774761,8.606007785,9.65E-06,13.91674682,148.4118967,22.09,6.28,1.113033105,0.012345679,1.177869227,1.385604113,16.92424242,0.386768448,0.092733711,0.427861287,7225.933511,1.084,7.533125,13.60333333,0.2168,1.193703371,3.009274249,54.10955106,3.536916667,4.294111111,21.71798533,3.386333333,2.07073955,0.677719244,1.362219362,0.365528271,0.677514172,0.459164392,0.029439108,4.884210521,0.385497366
TONK,CI1,Carbonaceous,22.42,0.09,1.92,9.4,13.71,0.15,1.34,3.24,0.36,0.11,0.12,18.11,0.1755,0.128,8.27,0.905,1.016,1.483,0.054,0.22,0.15,0.053,0.16,0.024,6.908806031,5.10E-08,0.000146,3.90E-07,4.50E-09,4.60E-08,8.00E-07,1.48E-07,3.20E-06,17.87,16.11,2.189842805,0.010940919,0.685630926,1.432835821,9.166666667,0.353333333,0.000349315,0.427861287,4,0.607,5.40625,17.36333333,0.1214,7.30E-05,1.47E-07,1.38E-06,2.9185,6.137833333,1.88E-05,3.7676875,0.519050248,0.611507582,0.9494659,0.342113527,0.970142795,0.593249675,0.160570919,0.905555555,0.807760928
MOKOIA,CV3,Carbonaceous,32.8475,0.136666667,3.15,27.74,24.27333333,0.193333333,2.723333333,0.5,0.04,0.276666667,0.52,23.57,0.35396,0.148333333,14.6025,1.9082,1.638,0.35325,0.081333333,0.4235,0.27,0.115,0.3305,0.046583333,6.908806031,5.90E-07,0.001093667,3.47E-06,3.94E-08,3.02E-07,6.97E-07,1.41E-07,2.90E-05,22.98666667,6.74,1.614107173,0.007964845,1.142817907,1.156670747,9.091234347,0.425925926,0.000539165,0.427861287,41.62928405,1.185583333,8.000520833,17.76555556,0.237116667,0.000547128,1.27E-06,9.95E-06,4.6254875,8.024097778,0.000140988,5.331947083,1.176919813,0.738970495,1.444915156,0.384972959,0.631520764,0.466675211,0.016439607,10.87654319,0.717558414
SANTA CRUZ,CM2,Carbonaceous,29.36,0.12,2.19,22.34,21.16,0.19,2.3,0.5,0.12,0.32,0.39,22.475,0.3065,0.16625,13.045,1.393333333,1.203333333,0.407666667,0.07,0.318,0.205,0.079,0.219,0.033,6.908806031,5.19E-08,3.27E-05,1.31E-07,1.73E-08,3.34E-08,4.74E-07,1.03E-07,1.46E-05,23.11,9.04,1.72288233,0.008979206,1.055765595,0.952173913,9.636363636,0.385365854,0.001586137,0.519230769,30.67463106,0.854,7.0175,18.20833333,0.1708,1.64E-05,6.05E-08,5.04E-06,4.012333333,7.64925,6.01E-06,4.883385417,0.993993326,0.720708447,1.378763867,0.372844809,0.674942529,0.486436782,0.021117166,7.241935472,0.765497275
YAMATO 82042,CM1/2,Carbonaceous,25.52,0.15,1.58,6.69,18.79,0.26,1.69,0.48,0.03,0.25,0.43,20.52,0.29,0.1775,11.2,1.003333333,0.998666667,0.35625,0.057333333,0.295,0.2,0.067,0.21,0.03,6.908806031,1.77E-08,3.14E-05,1.23E-07,3.05E-09,1.81E-08,5.50E-07,1.05E-07,5.34E-06,20.17,6.9,1.832142857,0.013837147,0.356040447,0.934911243,9.833333333,0.335,0.000561834,0.427861287,9.709090909,0.802,6.075,15.86333333,0.1604,1.57E-05,4.80E-08,2.00E-06,3.3895625,6.995833333,4.70E-06,4.325385417,0.326023392,0.736285266,0.940221402,0.326926523,1.001569859,0.73744113,0.019984326,6.411764693,0.804075235
YAMATO 86751,CV3,Carbonaceous,32.84,0.11,3.16,24.59,24.45,0.17,2.51,0.41,0.04,0.44,0.49,24.73,0.3405,0.1415,14.145,1.865,1.751,0.29,0.066,0.47,0.31,0.130888783,0.32,0.060045654,6.908806031,2.76E-07,0.000232933,1.46E-06,7.63E-08,1.96E-07,1.65E-06,3.26E-07,1.35E-05,25.61,6.02,1.748320961,0.006952965,1.005725971,1.258964143,7.82737743,0.422221881,0.001186176,0.427861287,8.192307692,1.290934438,8.0025,18.78666667,0.258186888,0.000116605,5.79E-07,5.15E-06,4.51275,8.404,3.13E-05,5.416125,0.99433886,0.744518879,1.362222222,0.415572301,0.669657422,0.498572594,0.013702801,12.59999997,0.753045067
POLLEN,CM2,Carbonaceous,27.5,0.01,1.87,19.6,16.8,0.17,0.68,0.09,0.11,0.263444733,0.4,20.4,0.308,0.171,11,1.4,2.1,0.29,0.070082043,0.322,0.219,0.076,0.21,0.031,6.908806031,8.90E-08,0.00018765,8.55E-07,5.73E-09,7.90E-08,7.45E-07,1.59E-07,5.72E-06,21.97562653,8.985321839,1.854545455,0.010119048,1.166666667,2.75,10.38709677,0.347031963,0.000474554,0.427861287,7.677852349,0.858,5.935430592,17.12031612,0.1716,9.39E-05,3.13E-07,2.21E-06,3.6975,6.959666667,2.44E-05,4.467385255,0.960784314,0.610909091,1.239359891,0.354390348,0.755494505,0.461538462,0.007272727,12.74999994,0.741818182
YAMATO 793321,CM2,Carbonaceous,28.96,0.13,2.38,20.89,20.33,0.22,2,0.6,0.05,0.27,0.45,21.9,0.308,0.1795,11.5,1.34,1.26,0.445,0.0721,0.3505,0.219,0.08385,0.2295,0.03565,3.755,2.379366742,4920.761693,54.05757398,0.421774761,8.606007785,64.76626864,13.91674682,148.4118967,21.77,8.71,1.904347826,0.010821446,1.027545499,1.19,9.831697055,0.382876712,0.000483536,0.427861287,2.291499879,0.9185,6.85125,17.46,0.1837,2461.57053,21.02845218,75.69830406,3.63625,7.4625,651.6651661,4.625575,0.953881278,0.702002762,1.315252074,0.374015553,0.702571567,0.493207181,0.022444751,6.738461528,0.75621547
NAWAPALI,CM2,Carbonaceous,27.08,0.09,2.09,20.67,17.89,0.17,2.2,0.54,0.16,0.26,0.38,21,0.26,0.13,10.79,1.56,1.11,0.4,0.05,10.86840668,0.916342931,0.130888783,0.399761932,0.060045654,6.908806031,9.50E-08,0.000393658,1.98E-06,6.74E-09,1.79E-07,4.28E-07,8.94E-08,7.78E-06,20.94,7.67,1.946246525,0.009502515,1.155394075,0.95,181.0023854,0.142838209,0.000241263,0.427861287,18.16440915,12.37544598,6.29875,16.53666667,2.475089195,0.000196876,7.20E-07,2.77E-06,3.465,7.13,5.05E-05,4.4125,0.984285714,0.660635155,1.321906068,0.216258255,0.702282158,0.463952282,0.025849335,6.12857142,0.775480059
TIBOOBURRA,CV3,Carbonaceous,34.49,0.12,2.65,26.67,24.87,0.21,2.15,0.26,0.05,0.27,0.53,24.23,0.36,0.16,15,1.54,1.4,0.19,0.07,10.86840668,0.916342931,0.130888783,0.399761932,0.060045654,6.908806031,4.22E-07,2.63E-05,1.13E-07,7.54E-08,9.11E-08,8.85E-07,1.74E-07,1.71E-06,24.23,5.51,1.615333333,0.008443908,1.072376357,1.23255814,181.0023854,0.142838209,0.01602126,0.82766191,1.93220339,12.37544598,8.11875,17.99,2.475089195,1.34E-05,9.30E-08,9.23E-07,4.5325,8.25,3.73E-06,5.36875,1.10070161,0.721078573,1.387722132,0.216258255,0.669188979,0.482537835,0.008988112,15.48387092,0.70252247
HARIPURA,CM2,Carbonaceous,27.495,0.085,2.24,18.31,17.22,0.205,1.215,0.495,0.085,0.19,0.41,21.23,0.31,0.15,10.88,1.43,1.2,0.52,0.05,10.86840668,0.916342931,0.130888783,0.399761932,0.060045654,6.908806031,4.15E-09,2.50E-05,8.06E-08,6.50E-10,1.07E-08,3.09E-07,6.11E-08,6.09E-06,21.24,14.93,1.951286765,0.011904762,1.06329849,1.843621399,181.0023854,0.142838209,0.000166333,0.427861287,19.69255663,12.37544598,6.143125,19.13333333,2.475089195,1.25E-05,3.06E-08,2.15E-06,3.5075,7.23,3.94E-06,4.47125,0.862458785,0.62629569,1.194888179,0.216258255,0.773853082,0.48466085,0.021094744,5.956896541,0.772140389
YAMATO 791198,CM2,Carbonaceous,28.41,0.12,2.62,9.24,19.52,0.27,1.65,0.15,0.03,0.26,0.42,21.1,0.287,0.209,11.8,1.18,1.39,0.111,0.072,10.86840668,0.916342931,0.130888783,0.399761932,0.060045654,6.908806031,3.590909091,6284.545455,31.90818182,1.218181818,4.987272727,89.90090909,16.96,652.2727273,21.14,8.03,1.788135593,0.013831967,0.473360656,1.587878788,181.0023854,0.142838209,0.000571387,0.427861287,7.255463086,12.37544598,6.61375,16.75666667,2.475089195,3144.068182,12.70454545,253.0445455,3.62025,7.198666667,885.6729545,4.518625,0.437914692,0.687082013,0.926844989,0.216258255,0.98783032,0.678720445,0.006335797,23.72222209,0.742696234
KABA,CV3,Carbonaceous,31.79333333,0.113333333,3.24,31.15333333,22.72666667,0.166666667,1.98,0.5,0.06,0.243333333,0.46,25.685,0.3535,0.15595,13.68,1.373,1.329,0.342,0.0568,10.86840668,0.916342931,0.130888783,0.399761932,0.060045654,6.908806031,4.17E-08,2.31E-05,1.17E-07,3.72E-08,5.25E-08,4.16E-07,8.77E-08,5.74E-06,24.28,8.985321839,1.87755848,0.007333529,1.370783221,1.636363636,181.0023854,0.142838209,0.001799525,0.708710138,13.79248229,12.37544598,7.58875,19.65010728,2.475089195,1.16E-05,6.88E-08,2.08E-06,4.181,8.731483333,3.70E-06,5.37190625,1.212899877,0.714824911,1.537963844,0.216258255,0.590076714,0.421801534,0.017613756,9.321428555,0.807873768
YAMATO 74662,CM2,Carbonaceous,29.18,0.22,2.38,22.53,19.29,0.22,1.7,0.28,0.04,0.23,0.52,22.36666667,0.352,0.181666667,11.73333333,1.25,1.196666667,0.16775,0.09805,0.33,0.223,0.079,0.2055,0.0315,3.34,2.379366742,4920.761693,54.05757398,0.421774761,8.606007785,64.76626864,13.91674682,148.4118967,22.2,7.38,1.90625,0.011404873,1.167962675,1.4,10.47619048,0.35426009,0.000483536,0.427861287,2.291499879,0.869,6.665,17.31555556,0.1738,2461.57053,21.02845218,75.69830406,3.5869375,7.633444444,651.6651661,4.668266667,1.007302533,0.661069225,1.325095057,0.369036009,0.697752272,0.461262554,0.010966415,12.74999996,0.76650674
AXTELL,CV3,Carbonaceous,34.3,0.18,3.18,22.45,23.48,0.14,2.04,0.06,0.02,0.19,0.49,23.74,0.3405,0.147,14.65,1.11,1.52,0.384475246,0.082,10.86840668,0.916342931,0.130888783,0.399761932,0.060045654,6.908806031,2.24E-07,2.29E-05,8.56E-08,5.41E-08,6.23E-08,1.02E-07,2.59E-08,2.11E-06,23.07,8.985321839,1.620477816,0.005962521,0.956132879,1.558823529,181.0023854,0.142838209,0.009782894,0.869379015,20.74852265,12.37544598,7.92625,18.59844061,2.475089195,1.16E-05,6.73E-08,7.45E-07,4.416118812,8.075833333,3.19E-06,5.246746906,0.945661331,0.684548105,1.225453575,0.216258255,0.746788591,0.511212715,0.002332362,65.24999918,0.69212828
JBILET WINSELWAN,CM2,Carbonaceous,35.4,2.4,0.08,32.98,22.53,0.24,0.94,0.7,0.14,0.05,0.43020376,23.5763,0.3316,0.18155,12.3729,1.0076,1.2395,0.31,0.06195,0.377666667,0.229666667,0.0859,0.244666667,0.038466667,10.58333333,2.379366742,4920.761693,54.05757398,0.421774761,8.606007785,64.76626864,13.91674682,148.4118967,21.97562653,8.985321839,1.90547891,0.010652463,1.46382601,0.085106383,9.818024263,0.374020319,0.000483536,0.427861287,2.291499879,0.976366667,7.51,18.17908279,0.195273333,2461.57053,21.02845218,75.69830406,3.7325,8.029816667,651.6651661,4.885175,1.398862417,0.636440678,1.564543405,0.362373788,0.637722933,0.405872816,0.023728814,1.214285713,0.665997175
ERAKOT,CM2,Carbonaceous,27.35,0.09,1.97,28.84,19.12,0.23,1.61,0.74,0.075489823,0.33,0.43,22.42,0.294,0.178,11.53,1.15,1.043,0.55,0.054,10.86840668,0.916342931,0.130888783,0.399761932,0.060045654,6.908806031,5.33E-08,1.83E-05,8.40E-08,1.55E-08,2.72E-08,3.82E-07,7.95E-08,1.29E-05,22.42,8.985321839,1.944492628,0.012029289,1.508368201,1.223602484,181.0023854,0.142838209,0.002917808,0.570902394,33.63874346,12.37544598,6.428186228,17.94177395,2.475089195,9.15E-06,4.22E-08,4.44E-06,3.56825,7.630666667,3.97E-06,4.652375,1.286351472,0.699085923,1.63574352,0.216258255,0.570266889,0.398665555,0.029816813,4.389999601,0.819744058
GRAVES NUNATAKS 95229,CR2 CHONDRITE,Carbonaceous,30.11446207,0.19394923,2.531621148,21.92673459,20.73109722,0.330723039,3.149509921,0.612809727,0.075489823,0.263444733,0.43020376,17.80355,0.3967,0.1713,20.3505,1.3554,1.2414,0.2887,0.0609,0.325,0.224,0.0841,0.254,0.0377,2.95,5.23E-07,0.001428,4.52E-06,2.81E-08,3.83E-07,1.90E-06,3.64E-07,1.02E-05,21.97562653,8.985321839,0.874845827,0.015952993,1.057673618,0.803814312,8.620689655,0.375446429,0.000366036,0.427861287,5.390295359,0.9248,7.22614471,16.25483279,0.18496,0.000714261,1.65E-06,4.16E-06,5.809,6.12385,0.000180742,5.20855625,1.231593395,0.688410013,1.306675338,0.352577932,0.705953884,0.485985723,0.022856113,8.253864278,0.591196016
ARCH,CV3,Carbonaceous,30.11446207,0.19394923,2.531621148,21.92673459,20.73109722,0.330723039,3.149509921,0.612809727,0.075489823,0.263444733,0.43020376,24.2,0.351,0.139,13.82,1.39,1.92,0.0622,0.11,2.83,0.52,0.14,0.37,0.057,6.908806031,1.10E-06,0.002653,7.65E-06,8.51E-08,6.98E-07,1.05E-06,2.10E-07,2.97E-06,21.97562653,8.985321839,1.751085384,0.015952993,1.057673618,0.803814312,49.64912281,0.269230769,0.000414813,0.427861287,2.824984147,3.917,7.22614471,18.38698279,0.7834,0.00132705,2.81E-06,1.41E-06,4.29805,8.23,0.000333345,5.249025,0.906063413,0.688410013,1.306675338,0.319172526,0.705953884,0.485985723,0.022856113,8.253864278,0.803600607
JOHNSTOWN,DIOGENITE,Achondrite,52.922,0.12625,1.469,13.661125,26.032,0.488,1.5425,0.088333333,0.030333333,0.03,0.684,12.11,0.512522222,0.383414286,16.066,1.730526316,0.777,0.104438462,0.0734,0.449454545,0.055642857,0.171246154,0.163066667,0.034138462,2.765,4.35E-07,4.72E-06,8.36E-08,8.23E-08,9.26E-08,4.95E-09,6.35E-09,4.62E-07,13.12875,0.994,0.753765716,0.018746159,0.524781999,0.952350081,13.16563563,3.077594549,0.092158644,0.889338065,93.33333333,0.873548685,10.32527083,8.74425,0.174709737,2.58E-06,8.62E-08,1.58E-07,4.669491194,4.335312169,7.36E-07,3.969662661,1.128086292,0.49189373,0.729773768,1.797767453,1.333278748,0.655831457,0.002242294,25.37780877,0.228827331
TATAHOUINE,DIOGENITE,Achondrite,54.88666667,0.08,0.57,15.505,28.09,0.4575,0.7825,0.025,0.06,0.035,0.685,12.04538462,1.5756,0.3721125,16.91,0.587636364,0.316571429,0.006516667,0.04375,0.009125,0.00225,0.000433333,0.0674,0.0129,0.43,3.24E-07,2.03E-06,9.34E-08,9.22E-08,1.03E-07,2.42E-09,1.00E-08,4.34E-07,12.16333333,0.245,0.712323159,0.016286935,0.551975792,0.728434505,0.707364341,0.192592593,0.092733711,0.896570014,179.7334794,0.092108333,10.61333333,8.151239316,0.018421667,1.18E-06,9.61E-08,1.49E-07,4.455181115,4.664365705,3.86E-07,3.982196447,1.28721502,0.511781854,0.786109274,0.035188508,1.259012884,0.644339947,0.001548646,15.91176452,0.219459212
ALLAN HILLS A77005,MARTIAN (SHERGOTTITE),Achondrite,42.66,0.408,2.802,19.794,28.388,0.454,3.18,0.446,0.0314,0.408,0.9975,15.64666667,0.6018,0.356,16.65861,2.37,1.449555556,0.354777778,0.235714286,0.37788,0.506005263,0.24118,0.593533333,0.084417647,4.352857143,3.66E-07,6.29E-07,1.20E-08,8.41E-09,7.23E-08,4.97E-09,1.01E-08,7.00E-06,15.435,0.25,0.939254035,0.015992673,0.697266451,0.881132075,4.476315239,0.476635358,0.092733711,0.427861287,1409.255533,1.803016244,9.796175,10.44388889,0.360603249,4.97E-07,3.09E-08,2.34E-06,5.208235833,5.534822222,1.01E-06,4.709140536,1.265061781,0.665447726,1.059830188,0.440089712,0.885392885,0.589182682,0.011190811,12.53037283,0.366776059
PASAMONTE,EUCRITE-PMICT,Achondrite,48.355,0.6916,12.51833333,18.945,6.58,0.567166667,10.30833333,0.472,0.044,0.0994,0.284,14.1475,0.187625,0.4084,3.518571429,7.3342,6.743857143,0.354333333,0.429,2.953846154,1.789,0.6445,1.8845,0.282366667,31.613125,7.39E-08,5.53E-05,5.70E-09,9.18E-09,1.02E-08,1.03E-08,2.71E-08,3.92E-05,14.474,0.076666667,4.020807958,0.086195542,2.879179331,1.214389652,10.46102994,0.360257127,0.001337557,0.899509804,3801.356589,7.554212821,9.868029167,9.566055556,1.510842564,2.77E-05,8.36E-09,1.31E-05,4.487740476,4.914508333,1.18E-05,4.140435863,1.339105849,0.136076931,0.419313328,0.351010154,1.894417238,0.257786484,0.010671078,44.23772601,0.292575742
NUEVO LAREDO,EUCRITE-MMICT,Achondrite,49.48,0.91,11.89,19.9,5.48,0.565,10.3,0.522333333,0.05,0.11,0.286333333,15.297414,0.19384,0.449924,3.349275,7.4487,6.386688,0.38086,0.53751625,3.856666667,2.423333333,0.733777778,2.426666667,0.35419,38.95888889,1.47E-07,2.80E-05,3.35E-08,2.59E-08,3.30E-08,1.45E-08,2.00E-08,1.32E-05,15.42,0.21,4.567380702,0.10310219,3.631386861,1.154368932,10.88869439,0.302796882,0.005241503,0.783838384,912.4423963,9.794634444,9.799666667,10.309138,1.958926889,1.40E-05,3.08E-08,4.41E-06,4.39138075,5.313726,5.18E-06,4.255527156,1.300873468,0.110751819,0.413557113,0.302588846,1.949566588,0.215918046,0.011566963,38.77111234,0.309163581
STANNERN,EUCRITE-MMICT,Achondrite,48.57714286,0.893333333,12.12714286,17.96428571,6.84,0.5275,10.60285714,0.56,0.075857143,0.120333333,0.282857143,14.50583375,0.1983575,0.3882475,4.996436667,7.20443125,6.030190769,0.436950667,0.536576667,4.978695652,2.839704,0.773130435,2.702272727,0.399465217,52.48809524,3.80E-07,8.61E-05,5.84E-08,5.67E-08,6.38E-08,4.06E-08,5.97E-08,3.03E-05,14.19166667,0.846666667,2.903235789,0.077119883,2.626357561,1.143761789,12.46340216,0.272257402,0.004411351,0.888366627,747.1831966,11.69326803,9.928854167,9.848055694,2.338653606,4.33E-05,5.97E-08,1.01E-05,4.667002338,5.030812917,1.46E-05,4.287128096,1.238418006,0.140806964,0.408608477,0.279094735,1.958417324,0.275758797,0.013089637,35.74702308,0.298614387
SIOUX COUNTY,EUCRITE-MMICT,Achondrite,49.01111111,0.612571429,12.63125,18.37375,7.1025,0.551,10.335,0.424142857,0.039428571,6.29875,0.293333333,15.05153077,0.2187,0.436224615,4.523527778,7.317963636,7.184391111,0.296330727,0.346875,2.804285714,1.348333333,0.471166667,1.534,0.2367,31.06666667,2.37E-07,5.35E-05,5.09E-08,4.11E-08,5.04E-08,3.27E-08,3.24E-08,1.23E-05,14.295,0.24,3.327387718,0.077578317,2.586941218,1.222181906,11.84742592,0.349443758,0.004420549,0.814985695,375.6498471,6.394485714,10.79914782,9.862176923,1.278897143,2.69E-05,4.74E-08,4.12E-06,4.830553313,5.235485128,8.28E-06,4.421942955,1.220723014,0.144916119,0.413291275,0.327614596,1.923796128,0.278789068,0.009458497,49.54198757,0.307104459
BINDA,EUCRITE-CM,Achondrite,49.9725,0.36575,9.4575,16.5725,14.475,0.505,7.66,0.16,0.025,0.0725,0.5075,12.809,0.475125,0.388111111,9.618333333,5.152857143,4.55,0.1155,0.246333333,0.3964,0.296266667,0.2314,0.4414,0.07008,8.5,3.58E-07,8.30E-06,2.61E-08,5.77E-08,6.37E-08,2.09E-08,2.54E-08,5.14E-06,13.23333333,0.95,1.331727604,0.034887737,1.144905009,1.234660574,5.656392694,0.781053105,0.043063642,0.905808477,246.485623,1.435546667,10.2909375,8.997444444,0.287109333,4.33E-06,4.92E-08,1.73E-06,4.859172619,4.557412037,1.75E-06,4.16940749,1.293816847,0.289659313,0.522421336,0.639890693,1.609549883,0.466221113,0.003702036,92.52702653,0.256320977
BÉRÉBA,EUCRITE-MMICT,Achondrite,48.77,0.804333333,12.94333333,18.78,6.84,0.543333333,10.80333333,0.456666667,0.048666667,0.114666667,0.273333333,14.81714286,0.201833333,0.4225,4.044,7.551666667,6.9264,0.324857143,0.519,2.865,1.781666667,0.622666667,1.77,0.281842857,29.96,2.53E-07,8.94E-06,4.53E-08,4.32E-08,5.42E-08,2.13E-08,3.01E-08,1.14E-05,14.74,0.67,3.663981913,0.079434698,2.745614035,1.19808701,10.16523899,0.3494855,0.02833178,0.797293141,533.671875,7.32117619,10.065,10.07571429,1.464235238,4.60E-06,4.76E-08,3.81E-06,4.711730952,5.14715873,2.60E-06,4.350925,1.267450829,0.140250154,0.415145295,0.350635397,1.903590945,0.266978923,0.010361561,46.99208434,0.303816749
ELEPHANT MORAINE A79001,MARTIAN (SHERGOTTITE),Achondrite,49.07666667,0.928333333,8.003333333,17.77833333,11.71166667,0.470166667,9.033333333,1.266666667,0.058833333,0.938333333,0.38,13.95543211,0.279766087,0.357863333,6.724309444,6.552260526,4.658755882,0.956405263,0.605672941,0.637125,1.151212,0.568833333,1.64,0.235269231,10.8475,0.084444453,6.66666728,0.110000014,0.010000001,0.024285717,0.076842113,0.020000002,123.1579044,14.04333333,0.545,2.075370299,0.040145154,1.518001992,0.88597786,2.70806768,0.494116925,0.012666667,0.427861287,1602.739685,4.232439564,10.069875,9.51458848,0.846487913,3.375555867,0.048095244,41.08491549,4.722932779,4.864353842,16.26876799,4.261308198,1.273936428,0.238640223,0.516643308,0.413985814,1.664179948,0.397140274,0.027008762,12.85301143,0.28435982
PETERSBURG,EUCRITE-PMICT,Achondrite,49.18,0.57,10.82,17,11.24,0.52,8.49,0.35,0.03,0.08,0.56,12.0325,0.343666667,0.397,6.78,6.13,5.858,0.272,0.342,2.228,1.5692,0.5292,1.5698,0.2342,31,2.59E-07,2.09E-05,5.51E-08,4.38E-08,5.25E-08,2.61E-08,2.94E-08,1.98E-05,14.04,0.74,1.774705015,0.046263345,1.512455516,1.274440518,9.51323655,0.337241907,0.012397605,0.833650673,761.3059361,6.1304,10.08875,8.9375,1.22608,1.06E-05,5.05E-08,6.63E-06,4.76,4.257722222,5.15E-06,4.019395833,1.412840224,0.22854819,0.470666667,0.337177451,1.741501416,0.398016997,0.007726718,50.81578934,0.244662464
JUVINAS,EUCRITE-MMICT,Achondrite,48.72181818,0.670888889,12.82555556,18.76333333,6.989,0.5675,10.45666667,0.438888889,0.050166667,0.08275,0.275,13.83511609,0.183723077,0.408929091,4.2136925,7.660632143,6.939218889,0.330737778,0.426818889,2.44173913,1.553976,0.601782609,1.63673913,0.233373913,28.226,1.20E-07,4.42E-05,2.06E-08,2.09E-08,2.47E-08,1.15E-08,1.51E-08,1.40E-05,14.48666667,0.485,3.283371078,0.081199027,2.684694997,1.226543407,10.46277666,0.387253477,0.002715504,0.847511062,1222.78343,6.467610783,10.01654324,9.602260918,1.293522157,2.22E-05,2.20E-08,4.68E-06,4.786070327,4.809256085,7.31E-06,4.249858557,1.356210762,0.143447028,0.41841482,0.37733557,1.891938006,0.271392883,0.010037712,47.60649769,0.283961408
MOORE COUNTY,EUCRITE-CM,Achondrite,37.02,0.376,14.30666667,15.68666667,8.94,0.43,10.25,0.435,0.021,0.038,0.423333333,11.08333333,0.2252875,0.326585714,7.7675,6.256666667,6.454,0.3808,0.1944,1.146666667,0.82682,0.572,1.043333333,0.160433333,22.38333333,1.05E-07,4.90E-05,1.98E-08,1.78E-08,2.03E-08,6.64E-09,7.54E-09,1.33E-05,12.36666667,0.82,1.426885527,0.048098434,1.754660701,1.395772358,7.14730937,0.691807165,0.002141109,0.878024691,2006.024096,3.749253333,8.930083333,8.09,0.749850667,2.46E-05,1.93E-08,4.44E-06,5.214741667,3.878402183,7.82E-06,4.086071652,1.415338346,0.241491086,0.479802572,0.61585575,1.503248511,0.363021115,0.012317666,53.85233906,0.299387718
ALLAN HILLS A77256,DIOGENITE,Achondrite,50.00666667,0.163333333,1.29,17.01666667,27.97333333,0.483333333,1.156666667,0.033333333,0.013333333,0.11,0.67,13.25711875,0.570777778,0.395534286,16.58821667,0.990894444,0.696888571,0.015193714,0.084666667,0.103085714,0.082542857,0.012782857,0.223,0.040866667,2.1185,4.24E-07,9.02E-06,8.40E-08,8.80E-08,1.01E-07,4.70E-09,7.30E-09,5.00E-08,13.49666667,0.385,0.799188907,0.01727836,0.608317445,1.115273775,2.52248893,0.154863274,0.047006652,0.871287129,10.63829787,0.462278095,10.13333333,9.046261806,0.092455619,4.72E-06,9.10E-08,2.07E-08,4.572798349,4.741143604,1.22E-06,4.07491136,1.283587104,0.559392081,0.877055039,0.094218406,1.111506261,0.6217678,0.000933209,52.42857031,0.265107027
ALLAN HILLS 84001,SNC ORTHOPYROXENITE,Achondrite,52.785,0.205,1.26,17.46,24.8,0.45825,1.82,0.145,0.019,0.012666667,1.15,13.525,0.73951,0.365133333,15.054375,1.405555556,0.654833333,0.1767,0.123571429,0.2084,0.130466667,0.04064,0.294,0.048673333,4.015,2.29E-07,3.79E-06,3.89E-08,3.60E-08,4.35E-08,6.98E-09,5.44E-09,2.09E-05,13.56,0.854141667,0.898409931,0.018477823,0.704032258,0.692307692,4.28160526,0.31149719,0.060360408,0.827520952,2998.939126,0.72218,10.16248958,9.313047222,0.144436,2.01E-06,3.95E-08,6.99E-06,4.322865972,4.876547778,3.14E-06,4.005584831,1.290942699,0.469830444,0.781940975,0.207505804,1.249053478,0.586843351,0.003106943,18.78048769,0.256228095
CAMEL DONGA,EUCRITE-MMICT,Achondrite,49.23666667,0.653333333,12.72333333,17.76333333,6.6075,0.593333333,10.44333333,0.456666667,0.033333333,0.05,0.25,14.65666667,0.211733333,0.325,3.64,6.785,6.1,0.373,0.504,3.014,1.87,0.6224,1.846,0.2865,36.175,1.98E-07,2.57E-05,4.57E-08,4.89E-08,5.56E-08,3.63E-08,5.14E-08,1.24E-05,14.575,0.19,4.026556777,0.089796948,2.688359188,1.218321098,10.52006981,0.332834225,0.007722083,0.879832391,342.0172463,7.6389,10.01802083,9.807222222,1.52778,1.29E-05,5.01E-08,4.16E-06,4.2245,5.064466667,4.81E-06,4.074425,1.211962702,0.134198768,0.393331719,0.33499084,2.020311164,0.271123269,0.009951933,47.27891147,0.297677882
CUMBERLAND FALLS,AUBRITE,Achondrite,52.68,0.076666667,1.306666667,1.95,34.57,0.253333333,1.113333333,0.5,0.046666667,0.05,0.183333333,4.301428571,0.0934,0.1437,16.13,0.785,0.596333333,0.339,0.066,0.311,0.2286,0.07766,0.2668,0.03878,3.078333333,96.21017397,870.8767317,74.31638469,6.687500205,106.1695001,6.200970838,2.388018524,5495.322865,1.53,5.24,0.266672571,0.007328127,0.05640729,1.173652695,8.019597731,0.339720035,0.092733711,0.427861287,886.2036298,0.92284,11.315,3.69047619,0.184568,483.5434528,62.39112832,1834.637285,4.462583333,1.512842857,832.2715182,2.806857738,0.453337761,0.656226272,0.676463324,0.314460687,1.442497262,0.9466046,0.01037712,4.42682926,0.081652023
RODA,DIOGENITE,Achondrite,50.54,0.16,2.045,8.1033275,27.4,0.22,1.5325,0.22,0.175,0.04,0.68,13.14142857,0.443375,0.338666667,16.14666667,1.136857143,0.8045,0.0701,0.106,0.7026,0.0815,0.019,0.208,0.0622,22.11303344,6.47E-07,1.35E-05,1.25E-07,1.30E-07,1.49E-07,9.33E-09,1.23E-08,1.21E-06,13.145,1.73,0.813878731,0.008029197,0.29574188,1.334420881,11.29581994,0.233128834,0.047928395,0.870308311,130,1.0733,10.2715625,9.338809524,0.21466,7.07E-06,1.35E-07,4.12E-07,4.539530952,4.641156746,1.97E-06,4.023449256,0.616624552,0.542144836,0.67516074,0.145929511,1.423528541,0.771758647,0.007815592,9.056962002,0.260020352
YAMATO 980459,MARTIAN (SHERGOTTITE),Achondrite,49.33333333,0.517333333,5.48,16.80666667,18.80666667,0.477,6.8,0.643333333,0.018,0.3,0.706666667,13.63,0.486,0.402,11.55305,4.55,2.789,0.36,0.324,0.143,0.432,0.252,1.0105,0.157,1.54,2.58E-08,2.53E-07,7.45E-09,7.03E-09,8.50E-09,2.80E-09,2.60E-09,8.89E-07,13.63,0.26,1.179775038,0.025363346,0.893654732,0.805882353,0.910828025,0.583333333,0.092733711,0.82745098,317.5,1.9945,10.23229167,9.173333333,0.3989,1.39E-07,7.66E-09,2.98E-07,4.8130125,4.839333333,1.50E-07,4.26175625,1.233064319,0.381216216,0.649720263,0.381408623,1.38524897,0.528079371,0.013405405,18.56854836,0.276283784
NORTON COUNTY,AUBRITE,Achondrite,53.28666667,0.050333333,0.383333333,0.93,41.70666667,0.15,0.973333333,0.175,0.020666667,0.02,0.085,1.118714286,0.043966667,0.1236,25.14666667,0.942,0.17575,0.097333333,0.02782,44752.03493,41126.93711,4100.20325,28001.61017,4555.834589,21.7666,543.8852677,3104.048074,129.6915003,2.863158411,172.6246669,2.980465528,3.781400013,501.3750026,1.746666667,1.37,0.044487578,0.003596547,0.022298593,0.393835616,9.823015751,0.099696295,0.092733711,0.427861287,168.2203663,122536.62,12.08945833,1.411793651,24507.32401,1823.966671,101.7264419,169.3789561,6.5904375,0.428760317,557.6561919,3.459481369,0.831311454,0.782684849,0.794422707,0.120823302,1.249785005,0.978187788,0.003671963,6.933560442,0.020994263
KAPOETA,HOWARDITE,Achondrite,37.455,0.402857143,5.117142857,15.73,15.21285714,0.26,3.417142857,0.318571429,0.102857143,7.211428571,0.405714286,12.03,0.374,0.372666667,6.646666667,5.523333333,4.9915,0.297333333,0.533333333,5.365,0.29,0.205,0.89,0.14,10.1,4.784583563,13589.72667,219.1201184,0.951612934,19.55154814,14.71268317,3.146973731,436.5342563,14.36,0.98,1.809929789,0.017090807,1.033993802,1.497491639,38.32142857,0.706896552,0.000352074,0.427861287,29.6706081,6.89,8.636875,9.123333333,1.378,6797.255629,79.87442649,151.4646377,4.364708333,4.258888889,1786.066056,3.846104167,1.307564422,0.406163587,0.726833442,0.403515162,1.210457064,0.491643583,0.011251597,20.25084741,0.321185422
MILLBILLILLIE,EUCRITE-MMICT,Achondrite,50.56666667,0.703333333,12.9,19,6.516666667,0.626666667,10.19,0.403333333,0.05,0.09,0.32,14.894265,0.23465,0.453176667,4.01884,7.358292857,6.449441667,0.30521,0.454,2.535416667,1.553545455,0.601583333,1.428888889,0.262333333,32.42,1.64E-07,3.54E-05,4.04E-08,4.31E-08,5.12E-08,3.02E-08,1.35E-07,5.65E-05,14.455,0.854141667,3.70611047,0.096163683,2.915601023,1.265947007,9.664866582,0.387232528,0.004618624,0.843290558,1869.639935,6.381767677,10.16791667,10.06780222,1.276353535,1.78E-05,4.49E-08,1.89E-05,4.532946131,5.194030556,1.15E-05,4.270984524,1.275658785,0.128872775,0.402048319,0.403770498,1.9817113,0.255388635,0.008965063,50.93382342,0.2945471
YAMATO 74013,DIOGENITE,Achondrite,51.975,0.13,0.87,16.325,27.22,0.52,1.14,0.025,0.0105,0.09,2.05,13.41,1.101666667,0.4005,16.4,0.843333333,0.4605,0.0139,0.05925,0.021873333,0.014333333,0.005893333,0.076433333,0.013566667,0.1965,4.80E-07,4.75E-06,1.50E-07,1.65E-07,1.77E-07,8.10E-09,1.18E-08,3.73E-07,13.565,1.385,0.817682927,0.0191036,0.599742836,0.763157895,1.612285012,0.411162791,0.092733711,0.931212121,45.98765432,0.1321,10.2313125,9.453333333,0.02642,2.62E-06,1.64E-07,1.31E-07,4.429433333,4.970722222,7.64E-07,4.08614375,1.217375093,0.523713324,0.824013625,0.178051646,1.193592835,0.625100471,0.000683021,56.61971671,0.258008658
YAMATO 74097,DIOGENITE,Achondrite,50.835,0.08,1.235,14.55,27.145,0.565,1.225,0.04,0.017,0.05,1.93,13.09333333,1.039666667,0.4355,16.375,0.883333333,0.6535,0.0192,0.048,0.007025,0.0099,0.0031,0.0735,0.01285,0.043,6.85E-07,4.84E-06,1.73E-07,1.83E-07,2.01E-07,5.87E-09,5.15E-08,2.71E-07,13.74,1.885,0.799592875,0.020814146,0.536010315,1.008163265,0.546692607,0.313131313,0.092733711,0.908789386,46.13636364,0.106375,10.139,9.572777778,0.021275,2.76E-06,1.86E-07,1.09E-07,4.482758333,4.856166667,8.01E-07,4.068441667,1.111252546,0.533982492,0.800748992,0.114921268,1.219210937,0.651037295,0.001121275,43.15789398,0.257565326
ZAGAMI,MARTIAN (SHERGOTTITE),Achondrite,50.249,0.78875,5.8625,18.05714286,11.23666667,0.5135,10.6675,1.0425,0.12625,0.573333333,0.29,13.68714286,0.196233333,0.403142857,6.7233625,7.454285714,3.088857143,0.798285714,0.48425,1.744666667,1.1789,0.486266667,1.408,0.20545,27.33636364,3.99E-08,1.75E-06,7.34E-09,4.85E-09,5.56E-09,6.15E-09,7.63E-09,5.01E-06,13.395,1.58,2.035758574,0.045698606,1.606983939,0.54956644,8.491928287,0.412474906,0.022783509,0.871834411,815.3569594,5.023283333,10.03390625,9.554047619,1.004656667,8.96E-07,5.91E-09,1.68E-06,4.516197768,4.762173016,8.54E-07,4.104445015,1.319277737,0.223619707,0.522064274,0.377428498,1.715345352,0.383585025,0.023259169,14.1433155,0.272386373
ALLAN HILLS A76005,EUCRITE-PMICT,Achondrite,48.7,0.764857143,11.97,18.82,7.188571429,0.558333333,9.652857143,0.472857143,0.067166667,0.074,0.335714286,14.51875,0.246666667,0.416,4.26,6.617777778,6.43875,0.3395,0.441,2.668166667,1.832333333,0.630166667,2.013333333,0.2785,33.95,1.01E-07,1.08E-05,1.82E-08,1.98E-08,2.24E-08,1.38E-08,2.53E-08,1.18E-05,14.70571429,0.22,3.408157277,0.077669581,2.618044515,1.240047358,9.580490724,0.343914863,0.009335287,0.880832095,852.1228546,7.4225,9.835473214,9.814821429,1.4845,5.45E-06,2.01E-08,3.94E-06,4.414006944,5.060472222,2.85E-06,4.159805556,1.296254843,0.14760927,0.428689161,0.328091775,1.872459629,0.276392398,0.011088785,40.04056251,0.298126283
BHOLGHATI,HOWARDITE,Achondrite,31.93,0.132222222,3.144444444,29.30875,17.83555556,0.256666667,1.471111111,0.515555556,0.093333333,0.2225,0.397777778,13.958,0.515,0.402,9.69,4.2375,4.4165,0.20375,0.288,1.493333333,0.966666667,0.335,0.99,0.16,21,2.84E-08,1.54E-05,17.58000035,0.995000019,2.547500051,3.977500067,0.988000016,206.7500018,13.69,0.77,1.440454076,0.01439073,1.643276539,2.137462236,9.333333333,0.346551724,0.001850163,0.427861287,51.97988643,3.945,6.933645833,9.472666667,0.789,7.69E-06,7.040833472,70.57183394,4.6369375,4.958333333,29.1047522,4.21384375,2.099781487,0.558583011,1.344121234,0.342443429,0.677282222,0.378318343,0.019069492,7.580291958,0.437143752
BOUVANTE,EUCRITE-MMICT,Achondrite,49.725,1.01,11.15,20.5,6.39,0.6,10.315,0.475,0.065,0.12,0.3,15.30357722,0.216344,0.402333333,3.844926667,7.4432,5.751133333,0.39184,0.617313333,5.197142857,3.224666667,0.807142857,2.827142857,0.410866667,55.36571429,7.42E-08,7.59E-05,1.41E-08,1.46E-08,1.78E-08,7.10E-09,1.02E-08,2.70E-05,15.31,0.854141667,3.980200027,0.093896714,3.208137715,1.080950073,12.64922,0.250302726,0.000977602,0.820224719,3802.816901,12.4669619,9.855,10.48923963,2.493392381,3.80E-05,1.55E-08,9.01E-06,4.357775,5.307418185,1.29E-05,4.246333486,1.339556086,0.128506787,0.441724846,0.26732164,1.849200446,0.237634808,0.010859729,39.74999993,0.307764248
ELLEMEET,DIOGENITE,Achondrite,53.65666667,0.064,0.632,12.15595143,28.73666667,0.673333333,0.791666667,0.0375,0.0115,0.01,1.268571429,13.02285714,0.815,0.6248,15.865,0.698285714,0.36875,0.0256,0.0385,0.011333333,0.01225,0.005,0.0558,0.014666667,22.11303344,3.99E-07,2.20E-06,5.82E-08,5.88E-08,7.03E-08,3.53E-09,3.25E-09,2.50E-07,12.25,0.725,0.820854532,0.023431156,0.423011881,0.798315789,0.772727273,0.408163265,0.092733711,0.836415363,70.92198582,0.09905,10.56866667,8.665952381,0.01981,1.30E-06,6.24E-08,8.56E-08,4.239408929,4.820885714,3.80E-07,3.932349107,0.933431988,0.535565633,0.753244104,0.19124269,1.312135763,0.702734821,0.000913214,29.05442118,0.242707159
ALLAN HILLS A77257,UREILITE,Achondrite,41.835,0.035,0.16,12.27,40.77333333,0.393333333,0.91,0.025,0.013333333,0.053333333,0.71,10.88,0.499333333,0.315633333,24.64,0.685,0.106,0.015,0.024,0.012366667,0.00423,0.000953333,0.051566667,0.00964,0.34617,1.32E-07,4.48E-06,2.39E-06,2.43E-08,2.53E-07,1.35E-05,2.52E-06,5.31E-06,10.72,0.854141667,0.441558442,0.009646828,0.300931982,0.175824176,1.282849239,0.22537431,0.029464286,0.427861287,0.393437035,0.078756667,10.52041667,7.484713889,0.015751333,2.31E-06,8.90E-07,7.11E-06,6.3615,3.898322222,3.58E-06,4.645620833,1.127757353,0.974622525,1.263086875,0.064549077,0.788694778,0.768679696,0.000916298,27.91304275,0.26006932
CACHARI,EUCRITE-MMICT,Achondrite,48.38,0.626,13.075,19.15,6.97,0.621,10.175,0.51,0.0495,0.076,0.35,16.07333333,0.270666667,0.513333333,4.205,6.65,6.9195,0.389666667,0.3755,3.03,1.8205,0.639666667,1.897666667,0.258666667,57.25,9.20E-08,4.08E-06,2.10E-08,1.84E-08,2.36E-08,1.04E-08,1.26E-08,9.52E-06,14.885,0.854141667,3.822433611,0.089096126,2.74748924,1.285012285,11.71391753,0.351368672,0.022530612,0.781073446,918.0064309,7.6465,9.9820625,10.60415833,1.5293,2.09E-06,2.10E-08,3.18E-06,4.541041667,5.619111111,1.72E-06,4.424625,1.191414351,0.144067797,0.425026442,0.344150507,1.852220521,0.266845329,0.011564696,41.55495971,0.332230949
SHERGOTTY,MARTIAN (SHERGOTTITE),Achondrite,50.55555556,0.845,6.5475,16.67818182,9.315555556,0.52825,8.928181818,1.163222222,0.164714286,0.586666667,0.216666667,14.41916667,0.133261538,0.3862,5.565122222,6.852222222,3.643125,1.042727273,0.496285714,1.8525,1.244185185,0.474136364,1.37,0.208821429,34.1125,3.67E-08,1.25E-06,1.72E-08,1.15E-08,1.62E-08,3.96E-09,6.10E-09,3.20E-06,15.04714286,0.854141667,2.590988318,0.056706226,1.790358258,0.733352001,8.871216008,0.381081827,0.02943002,0.710679399,808.0339016,5.149642977,9.723705763,10.10681706,1.029928595,6.42E-07,1.50E-08,1.07E-06,4.275799179,4.979542735,5.67E-07,4.06726383,1.156667525,0.184263736,0.455207469,0.363162057,1.944912916,0.358376921,0.026266876,11.65393203,0.285214286
YAMATO 791186,EUCRITE-MMICT,Achondrite,48.14,0.9,11.24,16.92,7.96,0.55,9.79,0.49,0.08,0.1,0.44,14.5138525,0.2808,0.4266,4.63537,6.65542,6.0209375,0.37146,0.53225,3.52,1.9325,0.7275,1.975,0.315,50,1.09E-07,3.27E-05,2.83E-08,2.80E-08,3.31E-08,1.42E-08,1.84E-08,1.56E-05,14.75,1.04,3.131109814,0.069095477,2.125628141,1.148110317,11.17460317,0.376455369,0.003333333,0.84592145,1098.591549,8.47,9.79375,10.10128417,1.694,1.64E-05,2.98E-08,5.21E-06,4.420796875,5.073750833,6.07E-06,4.17958625,1.165782827,0.165351059,0.418996295,0.372382871,1.93488746,0.319935691,0.011840465,36.89473678,0.301492574
SERRA DE MAGÉ,EUCRITE-CM,Achondrite,47.6025,0.154,16.8275,12.7,9.6925,0.435,11.03,0.273333333,0.012333333,0.08675,0.4075,10.84615385,0.268857143,0.309142857,5.634,7.926,9.171166667,0.229666667,0.0958,0.234,0.233,0.3422,0.309,0.050694,8.26,1.92E-08,9.10E-06,4.10E-09,5.20E-09,7.00E-09,1.39E-08,6.47E-09,7.40E-06,10.1,0.854141667,1.925124928,0.044880062,1.310291462,1.525611967,4.615930879,1.468669528,0.002108059,0.742857143,531.1004785,1.168894,10.74498958,7.266765171,0.2337788,4.56E-06,5.43E-09,2.47E-06,5.740208333,3.808051282,2.07E-06,4.310098397,1.170921986,0.203613256,0.347547726,1.275330668,2.125823378,0.432845819,0.006001085,97.51750258,0.227848408
BIALYSTOK,EUCRITE-PMICT,Achondrite,49.015,0.56,11.67,17.66,9.395,0.54,9.16,0.3,0.03,0.09,0.72,13.899865,0.5265,0.4175,5.664365,6.5495,6.174795,0.22388,0.288,1.34,0.894,0.39,0.98,0.155,15,2.77E-07,3.50E-05,3.80E-08,3.37E-08,4.50E-08,1.85E-08,2.12E-08,7.00E-06,14.21,0.55,2.453914075,0.057477382,1.879723257,1.274017467,8.64516129,0.436241611,0.007914286,0.748888889,378.3783784,3.759,10.025,9.553288333,0.7518,1.76E-05,3.89E-08,2.35E-06,4.653135,4.947955,5.30E-06,4.218050625,1.270515937,0.191676018,0.445826811,0.416660959,1.811679911,0.34725559,0.006732633,63.12121193,0.283583903
PESYANOE,AUBRITE,Achondrite,57.69,0.08,1.56,0.04,37.3,0.16,0.82,0.16,0.02,0.417032887,0.05,1.19,0.0405,0.138233333,22.49,0.59,0.593,0.1905,0.0395,0.269,0.231,0.057,0.237,0.035,1.835,9.766668228,0.004878921,1.95E-05,2.278571619,1.49E-06,24.24800095,4.523750156,636.7333549,1.18,0.88,0.052912406,0.004289544,0.001072386,1.902439024,7.685714286,0.246753247,0.092733711,1.182042918,26.25921024,0.829,12.26587911,1.083333333,0.1658,4.885773575,0.759530884,221.8350353,5.965875,0.456244444,84.69440573,3.158966667,0.033613445,0.646559196,0.63021097,0.243609764,1.544991966,0.998928763,0.003120125,13.22222215,0.020627492
LAKANGAON,EUCRITE-MMICT,Achondrite,49.04,0.85,11.54,22.815,5.87,0.6,10.27,0.49,0.08,0.06,0.35,17.026,0.217,0.468,3.52,7.3575,6.20425,0.37175,0.52175,3.54,2.208333333,0.716,2.226666667,0.347833333,43.03333333,3.72E-07,0.00011,6.30E-08,5.70E-08,7.00E-08,3.21E-08,4.44E-08,2.56E-05,17.74,0.854141667,4.836931818,0.102214651,3.886712095,1.123661149,10.17728797,0.324226415,0.003381818,0.814285714,797.5077882,9.038833333,9.74375,11.87338056,1.807766667,5.52E-05,6.33E-08,8.56E-06,4.363375,5.903666667,1.70E-05,4.46078125,1.340009397,0.119698206,0.473506108,0.322888892,1.709604323,0.20463657,0.011623165,38.26315783,0.347185971
MANEGAON,DIOGENITE,Achondrite,52.82333333,0.08,2.495,12.34785,25.45666667,0.5,1.8625,0.15,0.025,0.417032887,0.79,11.912,0.548,0.388,15.35,1.237,1.085666667,0.059066667,0.046,0.1515,0.079,0.042,0.101,0.076,22.11303344,1.21E-07,4.15E-06,2.14E-08,2.12E-08,2.45E-08,3.10E-09,2.20E-09,1.12E-06,12.98666667,0.44,0.776026059,0.01964122,0.485053686,1.339597315,1.993421053,0.53164557,0.029036145,0.865306122,361.2903226,0.4495,10.46619161,8.446222222,0.0899,2.14E-06,2.24E-08,3.75E-07,4.432933333,4.282666667,6.83E-07,3.828216667,1.036589154,0.481920868,0.683399415,0.470191802,1.397275722,0.673376329,0.00331293,24.89999986,0.225506405
MACIBINI,EUCRITE-PMICT,Achondrite,49.38333333,0.7285,11.91,17.49666667,8.393333333,0.526333333,9.926666667,0.516666667,0.054,0.1,0.42,13.834134,0.277,0.391644,5.061046667,7.0975,6.3007,0.35278,0.447666667,3.268833333,1.9945,0.692833333,1.904727273,0.2875,36.90909091,5.24E-07,2.70E-05,1.07E-07,1.04E-07,1.23E-07,7.83E-08,8.67E-08,1.49E-05,14.305,0.58,2.733453159,0.062708499,2.084590945,1.199798522,11.36985507,0.34737194,0.019407407,0.85170068,189.5744681,8.148393939,10.10129167,9.573044667,1.629678788,1.38E-05,1.11E-07,5.01E-06,4.703006667,4.834259333,5.36E-06,4.220308917,1.264746074,0.169962875,0.42239504,0.355463779,1.907428866,0.324192095,0.011555856,38.26518685,0.280137712
IBITIRA,EUCRITE-MMICT,Achondrite,39.604,0.8475,12.3925,17.98,7.348,0.5025,10.8775,0.18,0.023333333,0.116666667,0.3375,13.93166667,0.226085714,0.383983333,4.4075,7.714,6.5585,0.1545,0.5075,2.332,1.531666667,0.6005,1.67,0.305166667,22.59,1.69E-07,3.57E-05,3.04E-08,2.44E-08,3.04E-08,1.63E-08,1.47E-08,1.23E-05,14.4975,0.854141667,3.160899981,0.068385955,2.446924333,1.139278327,7.641725833,0.392056583,0.004722534,0.803953871,754.601227,6.439333333,8.8805625,9.761102778,1.287866667,1.79E-05,2.84E-08,4.11E-06,4.708625,4.847245238,6.03E-06,4.235466964,1.290584998,0.185536814,0.487109709,0.375467755,1.563644978,0.290113708,0.005134162,114.4426224,0.351774232
NOVO-UREI,UREILITE,Achondrite,41.43,0.075,0.5875,17.4875,35.2025,0.355,1.5275,0.0925,0.02,0.0975,0.7375,15.65571429,0.491,0.295,21.5075,0.772,0.299,0.066833333,0.066666667,0.1,0.01135,0.0023,0.045,93.1490852,0.09,1.09E-07,1.15E-06,4.14E-08,2.44E-08,3.02E-08,2.12E-06,4.03E-07,2.41E-06,15.31666667,1.135,0.727918832,0.010084511,0.496768695,0.384615385,0.001073548,0.202643172,0.092733711,0.80829554,1.13702395,93.3077352,9.9140625,10.70246032,18.66154704,6.30E-07,3.20E-08,1.65E-06,5.661333333,5.480571429,7.87E-07,4.894214286,1.117004289,0.849686218,1.254001309,0.101770903,0.78629721,0.668105902,0.002715424,18.79999983,0.377883521
YAMATO 692,DIOGENITE,Achondrite,53.585,0.072,0.66,14.89,25.71,0.5375,1.155,0.01,0.0035,0.009,1.245,12.745,0.852,0.414,15.505,0.835,0.35,0.0078,0.0432,0.016,0.0107,0.0025,0.068,0.0127,0.26,7.13E-07,6.65E-06,1.90E-07,1.91E-07,2.04E-07,1.12E-08,1.19E-08,1.00E-06,12.745,1.315,0.821992906,0.020906262,0.579152081,0.571428571,1.25984252,0.23364486,0.092733711,0.93627451,89.28571429,0.1099,10.20875,8.935,0.02198,3.68E-06,1.95E-07,3.41E-07,4.17445,4.670333333,1.12E-06,3.844,1.168301295,0.479798451,0.748456079,0.092681627,1.319827586,0.633251232,0.000251936,134.4444345,0.237846412
YAMATO 7308,HOWARDITE,Achondrite,50.51,0.22,4.416666667,16.14333333,21.62333333,0.52,3.983333333,0.143333333,0.030666667,0.02,0.816666667,13.2133475,0.5685,0.408675,12.9241675,2.8657375,2.3746475,0.1039295,0.1272,0.6115,0.406,0.1666,0.424,0.0756,6.755,2.88E-07,2.16E-05,1.12E-07,5.19E-08,6.52E-08,1.47E-08,1.72E-08,5.61E-06,13.19666667,0.703333333,1.022375136,0.024048096,0.746570063,1.108786611,8.088624339,0.410344828,0.013325608,0.795245399,382.8668942,1.6837,10.15591667,9.0377825,0.33674,1.09E-05,7.62E-08,1.88E-06,4.5671205,4.730174167,3.47E-06,4.073275563,1.221744401,0.428100046,0.687583445,0.401540218,1.337422771,0.57255075,0.003444862,48.27586179,0.261598644
YAMATO 75011,EUCRITE-PMICT,Achondrite,48.25,1.03,10.87,17.77,7.55,0.54,10.21,0.55,0.05,0.15,0.4,15.17,0.225,0.417,4.39,6.926666667,6.1715,0.41,0.5335,5.116666667,3.033333333,0.798,2.813333333,0.416333333,82.5,6.45E-07,0.000101,1.33E-07,1.35E-07,1.68E-07,6.32E-08,8.98E-08,2.88E-05,15.31,1.06,3.455580866,0.071523179,2.353642384,1.064642507,12.28983187,0.263076923,0.006386139,0.803571429,455.6962025,12.17766667,9.77125,10.51333333,2.435533333,5.08E-05,1.45E-07,9.65E-06,4.474541667,5.270666667,1.64E-05,4.280458333,1.171390903,0.156476684,0.428281461,0.273169512,1.905608215,0.298183254,0.012435233,35.13333327,0.314404145
YAMATO 74123,UREILITE,Achondrite,33.21,0.08,0.9,17.34,37.29,0.37,0.55,0.03,0.02,0.61,0.73,16.33,0.499,0.286,22.49,0.39,0.476,0.02,0.048,0.0156,0.0043,0.0007,0.0394,0.0075,0.51,1.42E-07,1.78E-06,7.88E-08,1.59E-08,2.51E-08,6.36E-06,1.18E-06,1.71E-06,16.33,0.82,0.726100489,0.009922231,0.465004023,1.636363636,2.08,0.162790698,0.079775281,0.631474104,0.269008915,0.0675,9.1225,11.16,0.0135,9.61E-07,3.99E-08,3.08E-06,5.844,5.705,1.41E-06,5.067375,1.061849357,1.122854562,1.601583113,0.053779365,0.607907743,0.682591982,0.001505571,28.99999942,0.491719362
YAMATO 75032,DIOGENITE,Achondrite,52.41,0.33,2.84,18.725,20.945,0.58,3.46,0.11,0.04,0.03,0.705,14.99575,0.4965,0.43309,12.87255,2.472,1.341455,0.076164,0.206666667,0.5615,0.414,0.123,0.633,0.108,7.365,3.92E-07,2.13E-06,6.79E-08,7.18E-08,8.02E-08,8.18E-09,1.15E-08,1.41E-06,14.65,0.3,1.164940125,0.027691573,0.894008116,0.820809249,5.199074074,0.297101449,0.092733711,0.895305359,171.8654434,1.8395,10.051875,9.981916667,0.3679,1.26E-06,7.33E-08,4.75E-07,4.19054225,5.308446667,5.20E-07,4.111771958,1.248687128,0.399637474,0.71800905,0.240271957,1.321149483,0.527980842,0.002862049,41.99999972,0.286123831
YAMATO 790260,EUCRITE-PMICT,Achondrite,48.24,0.86,13.72,17.56,7.36,0.51,10.37,0.5,0.06,0.07,0.37,14.059585,0.2445,0.3905,4.48125,7.011875,6.88385,0.35195,0.4975,3.29,1.739,0.6135,1.667,0.2905,40.8,1.42E-07,1.12E-05,3.19E-08,3.22E-08,3.91E-08,1.85E-08,2.68E-08,1.61E-05,13.97,0.51,3.137424826,0.069293478,2.385869565,1.323047252,11.3253012,0.352788959,0.012651786,0.822676897,869.2446043,7.6,10.10375,9.513195,1.52,5.67E-06,3.44E-08,5.39E-06,4.68223125,4.898195,3.45E-06,4.24012625,1.248970009,0.152570481,0.402194964,0.360327141,1.935794542,0.295345104,0.011608624,43.01785707,0.291450767
YAMATO 791960,EUCRITE-PMICT,Achondrite,49.5,0.65,11.62,17.98,9.19,0.52,8.72,0.37,0.03,0.12,0.47,14.43,0.301,0.402,5.54,6.23,6.15,0.27,0.3945,2.79,1.71,0.64,1.87,0.3,28.6,1.24E-07,3.93E-06,3.79E-08,2.27E-08,2.86E-08,1.13E-08,1.17E-08,1.28E-05,14.43,0.56,2.604693141,0.056583243,1.956474429,1.332568807,9.3,0.374269006,0.031628499,0.793706294,1132.647059,7.31,10.00875,9.806666667,1.462,2.03E-06,2.97E-08,4.29E-06,4.5475,5.044333333,2.13E-06,4.2146875,1.246015246,0.185656566,0.44453534,0.357899519,1.821862348,0.338240707,0.008080808,50.84999987,0.291515152
ZMENJ,HOWARDITE,Achondrite,50.32,0.39,6.166666667,17.14666667,18.18333333,0.533333333,5.123333333,0.2405,0.0745,0.05,0.92,13.684115,0.63,0.40761,11.06616,3.58235,3.050725,0.141722,0.176,0.92,0.649,0.242666667,0.6775,0.119,11.4,6.10E-07,2.91E-05,1.14E-07,1.16E-07,1.29E-07,1.93E-08,2.48E-08,5.90E-06,13.275,0.48,1.23657303,0.029330889,0.942988084,1.203643461,7.731092437,0.373908577,0.020962199,0.899224806,305.6994819,2.608166667,10.08645833,9.146371667,0.521633333,1.49E-05,1.20E-07,1.98E-06,4.46023925,4.907241667,4.50E-06,4.09233525,1.253034388,0.361354001,0.625457335,0.365959584,1.42428531,0.514671195,0.006259936,35.84126973,0.271941872
YAMATO 793164,EUCRITE-PMICT,Achondrite,48.435,0.93,12.035,19.98,5.9,0.57,10.615,0.56,0.06,0.14,0.3,15.51837,0.20075,0.428133333,3.4385125,7.30575,6.37223,0.45755,0.55775,3.095,1.925,0.71,2.3,0.34,50,9.00E-08,3.89E-05,1.47E-08,1.40E-08,1.74E-08,9.20E-09,1.20E-08,2.75E-05,15.53,0.854141667,4.513105594,0.096610169,3.386440678,1.133772963,9.102941176,0.368831169,0.002313625,0.804597701,2989.130435,8.37,9.789375,10.63417056,1.674,1.95E-05,1.54E-08,9.17E-06,4.393510625,5.382417778,8.32E-06,4.284880729,1.287506355,0.121812739,0.427980817,0.337426404,1.871522411,0.22797527,0.012800661,36.53225801,0.320395788
APPLEY BRIDGE,LL6 CHONDRITE,LL,42.13333333,0.106,2.54,20.07666667,26.52666667,0.33,2.206666667,1.01,0.126666667,0.313333333,0.326666667,18.792,0.3954,0.263833333,15.07333333,1.106666667,1.31025,0.6582,0.062333333,44.67657143,27.58871429,10.92277143,30.60928571,4.744142857,3.14,1.80E-08,8.87E-06,3.80E-09,2.87E-09,3.60E-09,4.05E-09,1.15E-09,4.31E-05,17.64,5.26,1.246704998,0.012440312,0.756848454,1.151057402,9.417206179,0.395914478,0.002024817,0.796296296,7225.933511,118.5414857,9.398333333,13.89733333,23.70829714,4.44E-06,3.42E-09,1.44E-05,4.5371125,6.483744444,6.50E-06,4.707752083,1.068362424,0.629588608,1.043202507,0.375872469,0.904084114,0.569201059,0.026977848,4.175953076,0.446012658
OLIVENZA,LL5 CHONDRITE,LL,41.4,0.113333333,2.505,20.6025,25.5,0.3075,2.1225,1.0375,0.1675,0.285,0.3175,18.142,0.2928,0.241166667,15.27666667,1.396666667,1.17625,0.685,0.066033333,34.153,19.6733,8.736455556,26.30522222,4.279625,15.17666667,1.38E-07,1.40E-05,3.46E-08,3.62E-08,4.03E-08,1.14E-08,1.11E-08,6.32E-05,18.83666667,5.54,1.187562732,0.012058824,0.807941176,1.180212014,7.980372112,0.444076772,0.009856631,0.897022333,5554.285714,93.14760278,9.165625,14.17288889,18.62952056,7.04E-06,3.70E-08,2.11E-05,4.633645833,6.225322222,9.68E-06,4.659572917,1.135624518,0.615942029,1.050051247,0.384039307,0.897999024,0.553115341,0.02910628,3.840248959,0.43821256
ENSISHEIM,LL6 CHONDRITE,LL,40.325,0.14,2.075,17.655,25.34,0.325,2.14,0.96,0.085,0.265,0.435,20.41333333,0.338666667,0.2525,15.28,1.53,1.089,0.656,0.0816,0.423,0.249,0.0855,0.257,0.037,5.44,3.13E-07,1.36E-05,6.63E-08,7.27E-08,7.87E-08,8.20E-09,8.20E-09,8.51E-06,19.97,5.98,1.335951134,0.012825572,0.696724546,0.969626168,11.43243243,0.343373494,0.02305709,0.92392456,1037.804878,1.0515,8.939375,15.45444444,0.2103,6.94E-06,7.25E-08,2.84E-06,4.63875,7.0015,2.83E-06,4.9551375,0.864875898,0.628394296,1.014033019,0.337986908,0.937899756,0.589370857,0.025914445,4.033492819,0.506220293
TUXTUAC,LL5 CHONDRITE,LL,42.46666667,0.103333333,2.316666667,19.49,25.88333333,0.333333333,1.963333333,0.98,0.1,0.226666667,0.333333333,19.22,0.383,0.232,14.91,1.37,1.106,0.77,0.066,0.357,0.2244,0.0939,0.2628,0.0401,4.582041667,2.22E-07,1.94E-05,3.64E-08,3.59E-08,4.23E-08,1.22E-08,6.35E-09,6.29E-05,17.77,4.96,1.28906774,0.0128783,0.752994205,1.179966044,8.902743142,0.418449198,0.011466942,0.850493097,5172.839506,0.9782,9.28375,13.98333333,0.19564,9.79E-06,3.82E-08,2.10E-05,4.539,6.611666667,1.03E-05,4.757125,1.014047867,0.609497645,1.013174544,0.386670895,0.935938877,0.570452542,0.025431711,3.962962959,0.452590267
PARNALLEE,LL3.6 CHONDRITE,LL,40.54428571,0.125,2.558333333,19.9,26.205,0.343333333,1.905,1.021666667,0.131666667,0.215,0.491666667,17.39,0.3436,0.279,14.26285714,1.3175,1.46425,0.75,0.096,0.366,0.217666667,0.087,0.258,0.0394,4.582041667,6.11E-08,6.59E-06,2.98E-08,2.44E-08,3.06E-08,1.49E-07,2.45E-08,2.83E-05,17.64,2.765,1.219250801,0.013101825,0.759397062,1.34295713,9.289340102,0.399693721,0.009273325,0.798888162,189.798995,0.968066667,9.115535714,12.59833333,0.193613333,3.32E-06,2.83E-08,9.50E-06,4.448651786,6.0042,4.40E-06,4.487900893,1.144335825,0.646330291,1.069656578,0.367124556,0.879390212,0.568376532,0.028446261,3.869942193,0.42891371
BANDONG,LL6 CHONDRITE,LL,41.83333333,0.11,2.39,21.11666667,24.76333333,0.36,2.146666667,1.033333333,0.12,0.253333333,0.4,19.6,0.383,0.275,15.38,1.36,1.212,0.73,0.0692,0.413,0.239,0.082,0.238,0.036,3.29,1.65E-07,7.25E-06,5.90E-08,4.68E-08,7.03E-08,1.16E-08,6.25E-09,2.41E-05,18.45,5.95,1.274382315,0.014537623,0.852739265,1.113354037,11.47222222,0.343096234,0.022689655,0.66571835,2064.377682,1.008,9.1125,14.66666667,0.2016,3.71E-06,5.87E-08,8.02E-06,4.6705,6.752666667,3.96E-06,4.87615,1.077380952,0.591952191,1.03746137,0.343816268,0.911798896,0.539741354,0.027569721,3.933526008,0.468525896
SEGOWLIE,LL6 CHONDRITE,LL,39.05,0.16,2.3,14.36,24.34,0.33,1.67,0.96,0.13,0.2,0.51,21.45,0.349,0.2605,14.68,1.19,1.217,0.71,0.08125,0.414,0.208,0.076,0.222,0.04,3.24,1.60E-07,8.40E-06,3.80E-08,3.10E-08,3.80E-08,9.50E-09,4.00E-09,3.05E-05,21.45,6.31,1.461171662,0.013557929,0.589975349,1.377245509,10.35,0.365384615,0.019047619,0.815789474,3210.526316,0.96,8.6225,16.40333333,0.192,4.28E-06,3.57E-08,1.02E-05,4.44925,7.353166667,4.90E-06,4.99221875,0.669463869,0.623303457,0.935912938,0.353675874,1.009043928,0.628940568,0.027912932,3.642201832,0.549295775
SAINT-SÉVERIN,LL6 CHONDRITE,LL,40.71,0.115,2.105,19.365,25.37,0.285,1.965,0.99,0.111,0.24,0.595,26.895,0.3243,0.19704,15.26666667,1.33,1.206,0.58082,0.064033333,0.5119,0.24584,0.0889,0.2999,0.044633333,4.582041667,2.50E-07,1.81E-05,4.28E-08,4.55E-08,5.09E-08,9.97E-09,1.03E-08,6.48E-05,20.455,5.24,1.761681223,0.011233741,0.763303114,1.071246819,11.46900672,0.361617312,0.013789983,0.892931937,6494.459215,1.191173333,8.972,17.53,0.238234667,9.18E-06,4.64E-08,2.16E-05,4.595871667,9.13878,1.04E-05,5.7329825,0.720022309,0.623188406,1.044844097,0.327406467,0.910025707,0.56711747,0.027044952,3.696639415,0.660648489
SEMARKONA,LL3.00,LL,38.43266667,0.084166667,3.098666667,22.228,13.77666667,0.256,0.876,2.334,0.426666667,0.15875,0.338666667,18.66333333,0.3645,0.271,14.945,1.32,1.185,0.7145,0.06,65.6608,29.32,15.6622,47.989,4.815514286,4.582041667,1.77E-07,0.000345427,3.99705896,2.445294122,3.021176491,35.88941277,6.918235484,3.73E-05,19.09,1.203214286,1.24880116,0.018582144,1.613452698,3.537290715,13.63526222,0.534181446,0.000511348,0.809384731,1.04E-06,163.4475143,7.419927083,12.98551587,32.68950286,0.000172802,3.154509858,14.26922852,4.541125,6.432944444,6.533945094,4.690416667,1.190998393,0.358462419,0.866927781,0.417541774,1.067435703,0.382635584,0.071831255,1.439748852,0.485611199
MANGWENDI,LL6 CHONDRITE,LL,40.59,0.19,4.35,20.03,24.01,0.14,1.55,0.47,0.115,0.2,0.45,20.46,0.3305,0.211666667,14.39,1.11,1.686,0.4905,0.09145,0.528,0.34,0.087,0.287,0.051,3.24,2.60E-07,9.00E-06,0.297640698,4.50E-08,0.204394768,8.40E-09,7.10E-09,5.05E-05,20.48,5.287820767,1.421820709,0.005830904,0.834235735,2.806451613,10.35294118,0.255882353,0.028888889,0.427861287,6011.904762,1.293,8.928125,15.40927359,0.2586,4.63E-06,0.16734517,1.68E-05,4.419125,7.000722222,0.062761911,4.846264583,0.978983382,0.591525006,0.979973298,0.27850875,0.921662125,0.545186194,0.014412417,10.08547007,0.504065041
MANYCH,LL3.4 CHONDRITE,LL,40.04666667,0.123333333,2.556666667,14.14666667,25.06333333,0.293333333,2.013333333,1.053333333,0.153333333,0.206666667,0.63,20.42666667,0.438666667,0.232,15.13333333,1.41,1.363333333,0.817,0.075,65.4596,41.7656,16.0635,47.3882,6.7267,4.582041667,1.55E-07,6.10E-06,3.25E-08,2.25E-08,2.64E-08,1.40E-07,2.95E-08,3.77E-05,20.59,7.783333333,1.349779736,0.011703684,0.56443676,1.26986755,9.731309557,0.38461078,0.025409836,0.853889943,269.8924731,177.4036,8.923333333,16.26666667,35.48072,3.13E-06,2.71E-08,1.26E-05,4.680916667,7.032444444,5.52E-06,4.987,0.692558747,0.625853171,0.92035052,0.361073577,1.021338094,0.639207685,0.030131513,3.787292815,0.510071583
ALTA'AMEEM,LL5 CHONDRITE,LL,39.48,0.28,2.25,16.46,25.66,0.4,1.47,1.05,0.15,0.47,0.45,20.525,0.342,0.286,15.09,1.195,1.1055,0.7355,0.168,63.8524,39.9584,15.0598,42.3654,6.5258,4.582041667,3.71E-07,1.49E-05,6.17E-08,6.21E-08,7.19E-08,1.10E-08,1.00E-08,3.96E-05,20.3,6.48,1.3601723,0.015588465,0.641465316,1.530612245,9.784608784,0.376886962,0.02484375,0.863699583,3596.969697,167.7618,8.86625,15.76833333,33.55236,7.65E-06,6.52E-08,1.32E-05,4.5315,7.051,6.89E-06,4.930875,0.801948843,0.649949341,1.009345794,0.36602395,0.937321937,0.609211776,0.030395137,3.099999997,0.519883485
NGAWI,LL3.6 CHONDRITE,LL,42.55,0.096666667,2.193333333,18.90666667,27.83,0.316666667,1.596666667,0.5,0.07,0.18,0.67,17.492,0.412,0.2458,16.3875,1.185,1.1766,0.52325,0.057333333,64.8582,40.7614,16.2651,48.192,6.7268,4.582041667,3.74E-07,0.000214,9.15E-07,9.24E-08,1.70E-07,5.43E-07,1.10E-07,4.46E-05,18.8,6.08,1.067398932,0.011378608,0.679362798,1.373695198,9.641761313,0.399031927,0.001747664,0.543529412,82.13627993,176.8035,9.404583333,14.124,35.3607,0.000107187,3.92E-07,1.51E-05,4.8180875,6.049933333,3.26E-05,4.684935417,1.080875067,0.654054054,1.044550399,0.366981961,0.910420084,0.595463947,0.013396005,6.649122795,0.411092832
DHURMSALA,LL6 CHONDRITE,LL,40.69,0.11,2.23,18.97662002,25.57,0.34,1.88,1.009092105,0.11,0.19,0.471232456,19.18,0.36,0.259,15.31,1.325,1.2655,0.7305,0.0602,52.24866667,15.48766667,12.56075,37.344,5.526833333,4.001,1.19E-07,5.24E-06,4.01E-08,3.83E-08,4.67E-08,1.16E-08,6.40E-09,3.41E-05,19.69,5.287820767,1.252775963,0.013296832,0.742143919,1.186170213,9.453635294,0.811016293,0.022768027,0.820262313,2939.655172,123.1679167,9.002386513,14.71927359,24.63358333,2.68E-06,4.17E-08,1.14E-05,4.65775,6.599666667,4.95E-06,4.811275,0.989396247,0.628409929,1.037898882,0.522290538,0.913425081,0.57400539,0.027502878,3.672619954,0.471368887
BISHUNPUR,LL3.15,LL,42.72,0.12,3.58,17.395,19.63,0.295,1.57,2.13,0.4,0.165,0.585,19.7675,0.36475,0.253,15.105,1.3,1.296666667,0.70025,0.09,64.053,38.7532,15.2601,44.1738,6.5257,4.582041667,9.319411797,1200.625005,4.336875014,2.277647067,2.70187501,49.22812512,9.445000024,4729.875008,19.97,4.255,1.308672625,0.015028018,0.886143658,2.280254777,9.81549872,0.393776514,0.007762134,0.842987577,96.08074646,168.7658,8.81125,14.66416667,33.75316,604.9722082,3.105465697,1596.182711,4.600479167,6.795083333,750.9761184,4.859645833,0.879979765,0.459503745,0.799676026,0.368825733,1.15381499,0.530182309,0.059222846,2.035573122,0.462722378
GUIDDER,LL5 CHONDRITE,LL,41.73,0.14,1.94,15.96,26.43,0.44,2.14,1.05,0.21,0.23,0.15,18.195,0.2375,0.328,15.72,1.475,1.1635,0.7585,0.084,85.44983333,43.56233333,15.2435,42.37783333,6.080383333,4.582041667,2.63E-07,1.09E-05,6.10E-08,6.75E-08,7.30E-08,8.40E-09,8.50E-09,6.01E-05,18.99,3.48,1.157442748,0.016647749,0.603859251,0.906542056,14.05336286,0.349923864,0.02412844,0.924657534,7154.761905,192.7138833,9.27125,13.555,38.54277667,5.58E-06,6.72E-08,2.00E-05,4.77925,6.2535,8.94E-06,4.7451875,0.877164056,0.633357297,0.97068926,0.35478051,0.98443029,0.623496108,0.030194105,3.238095236,0.436017254
CHAINPUR,LL3.4 CHONDRITE,LL,40.56363636,0.193333333,4.857272727,27.37272727,17.214,0.506666667,0.93,1.64,0.348,0.205714286,0.423333333,15.976,0.379716667,0.25755,15.58,1.11,1.1775,0.6606,0.05,24.54992981,0.205,5.474369926,16.57053116,0.0361,4.582041667,3.72E-07,1.78E-05,9.98E-08,8.54E-08,9.12E-08,4.78E-07,6.94E-08,5.35E-05,19.78,1.433333333,1.025417202,0.029433407,1.590143329,5.2228739,680.0534572,26.70424354,0.020900141,0.935708413,111.9715362,46.83593089,8.283161255,12.39644444,9.367186178,9.07E-06,9.21E-08,1.80E-05,4.632025,5.537755556,9.06E-06,4.398920833,1.713365503,0.424370238,0.981634409,2.970222582,0.909769316,0.386079021,0.049009413,2.91110298,0.393850291
JELICA,LL6 CHONDRITE,LL,40.06,0.1,2.59,24.015,25.47,0.29,1.365,0.515,0.07,0.04,0.43,20.15857143,0.3358,0.249,15.184,1.115,1.27025,0.5245,0.06,70.4928,40.767,15.4626,44.979,6.7267,4.582041667,4.20E-07,1.25E-05,0.297640698,9.95E-08,0.204394768,1.92E-08,1.29E-08,3.34E-05,22.85,7.09,1.327619299,0.011385944,0.942873969,1.897435897,10.47955164,0.379292074,0.0336,0.427861287,1739.583333,178.4281,8.8,16.69952381,35.68562,6.46E-06,0.167345189,1.11E-05,4.5234375,6.914457143,0.06276024,4.862140179,1.191304656,0.635796306,1.160257913,0.361096473,0.809538244,0.514701425,0.014603095,6.760683749,0.503209471
YAMATO 75258,LL6 CHONDRITE,LL,38.74,0.18,2.03,25.38,25.05,0.36,1.79,0.93,0.08,0.34,0.57,22.1,0.39,0.279,17,1.49,1.07,0.69,0.08185,0.3,13.17998238,0.0844,0.25,2.46120435,3.59,3.63E-07,1.37E-05,5.91E-08,6.42E-08,7.01E-08,1.23E-08,1.77E-07,4.70E-05,22.11,3.75,1.3,0.014371257,1.013173653,1.134078212,0.121891545,0.00640365,0.02649635,0.915834522,3818.97019,16.27558673,8.665,15.98666667,3.255117346,7.03E-06,6.45E-08,1.57E-05,5.0625,7.589666667,7.68E-06,5.38760625,1.14841629,0.646618482,1.236938926,0.046495939,0.768193536,0.496728138,0.026071244,3.782178214,0.570469799
RAGLAND,LL3.4 CHONDRITE,LL,39.6,0.11,2.38,12.98,23,0.33,1.85,0.36,0.06,0.2,0.55,20,0.384,0.219,13.3,1.310679825,1.24,0.287,0.086332883,0.363,0.242,0.084,0.194,2.46120435,4.582041667,4.54E-07,0.0001431,1.52E-06,6.72E-08,2.95E-07,1.38E-06,2.73E-07,9.42E-06,19.58,0.77,1.503759398,0.014347826,0.564347826,1.286486486,0.147488769,0.347107438,0.00317284,0.427861287,6.844018026,3.34420435,8.4725,13.45,0.66884087,7.18E-05,6.26E-07,3.69E-06,4.034419956,6.867666667,1.96E-05,4.603376588,0.649,0.580808081,0.857074798,0.387677625,1.100611451,0.639244024,0.010606061,10.07142855,0.505050505
SABRUM,LL6 CHONDRITE,LL,40.9,0.08,2,16.6,24.98,0.45,1.65,0.86,0.074,0.16,0.48,19.65,0.3313,0.2673,14.65,1.28,1.16,0.6974,0.0582,24.54992981,0.21,0.08,0.2,2.46120435,1.2,3.25E-07,1.37E-05,8.75E-08,8.51E-08,9.50E-08,1.09E-08,1.13E-08,6.05E-05,20.06,7.86,1.341296928,0.018014412,0.664531625,1.212121212,9.974762887,0.380952381,0.023698031,0.895789474,5554.12844,27.50113416,8.88425,15.85666667,5.500226831,7.02E-06,8.92E-08,2.02E-05,4.44685,6.749533333,9.36E-06,4.761775,0.844783715,0.610757946,0.969230769,0.390360027,0.983645984,0.600769601,0.022836186,3.907922908,0.480440098
YAMATO 790964,LL,LL,39.57,0.11,2.81,19.85,26.15,0.36,1.98,0.96,0.11,0.21,0.57,19.5,0.3665,0.279,15.8,1.42,1.49,0.712,0.066,0.319333333,0.214666667,0.076733333,0.237,0.036866667,4.4,0.291231887,37.51958077,0.297640698,0.147591965,0.204394768,5.37E-09,1.43E-07,2.10E-06,19.51,5.84,1.234177215,0.01376673,0.759082218,1.419191919,8.661844485,0.357453416,0.007762131,0.722092672,390.6832298,0.8846,9.01875,14.95,0.17692,18.90540633,0.216542477,7.48E-07,4.8555,6.715166667,4.807555292,4.9541875,1.017948718,0.660854182,1.08541765,0.340194731,0.860217391,0.568478261,0.027040687,4.47663551,0.492797574
OUBARI,LL6 CHONDRITE,LL,39.56,0.173333333,2.023333333,18.90666667,24.82,0.35,1.946666667,0.59,0.123333333,0.243333333,0.433333333,14.49,0.2735,0.278,14.98,1.385,1.089,0.633,0.117,24.54992981,13.17998238,5.474369926,16.57053116,2.46120435,4.582041667,3.03E-07,1.54E-05,6.10E-08,6.16E-08,7.58E-08,1.73E-08,9.80E-09,3.71E-05,20.84,6.586666667,0.96728972,0.014101531,0.761751276,1.039383562,9.974762887,0.415354874,0.019675325,0.812664908,2141.618497,62.23601762,8.707083333,13.97222222,12.44720352,7.85E-06,6.61E-08,1.24E-05,4.52175,5.013833333,6.62E-06,4.1556875,1.304807913,0.627401416,1.051543086,0.370432013,0.904711084,0.567617015,0.018031682,5.565420553,0.36627907
SIENA,LL5 CHONDRITE,LL,39,0.17,2.955,18.63,26.005,0.4,1.615,0.68,0.09,0.24,0.58,23.55666667,0.393,0.296,15.24333333,1.153333333,1.732333333,0.56,0.095333333,24.54992981,13.17998238,5.474369926,16.57053116,2.46120435,4.582041667,2.04E-07,1.01E-05,8.04E-08,4.06E-08,4.96E-08,2.03E-08,9.60E-09,4.11E-05,25.31,5.46,1.545375027,0.015381657,0.716400692,1.829721362,9.974762887,0.415354874,0.020188305,0.818548387,2024.630542,62.23601762,8.873125,18.10888889,12.44720352,5.15E-06,5.69E-08,1.37E-05,4.67225,8.081888889,6.45E-06,5.37875,0.790858922,0.666794872,1.063877964,0.370432013,0.873753781,0.58261454,0.01974359,5.935064927,0.604017094
MANBHOOM,LL6 CHONDRITE,LL,40.52,0.09,3,19.45,25.65,0.32,1.51,1.07,0.13,0.35,0.64,19.1075,0.3835,0.26275,15.47,1.136666667,1.452666667,0.752333333,0.052,24.54992981,13.17998238,5.474369926,16.57053116,2.46120435,4.582041667,3.20E-07,1.43E-05,5.34E-08,5.28E-08,5.87E-08,1.32E-08,8.20E-09,5.37E-05,19.11,5.18,1.235132515,0.012475634,0.7582846,1.986754967,9.974762887,0.415354874,0.022377622,0.900056786,4064.393939,62.23601762,9.06875,14.46583333,12.44720352,7.31E-06,5.50E-08,1.79E-05,4.702916667,6.584583333,8.56E-06,4.827177083,1.017924899,0.63302073,1.036305147,0.370432013,0.898447894,0.568736142,0.029615005,3.75833333,0.471557256
PARAGOULD,LL5 CHONDRITE,LL,40.12666667,0.103333333,2.246666667,17.53666667,25.29333333,0.313333333,1.943333333,0.883333333,0.106666667,0.16,0.156666667,18.9,0.384,0.2695,14.8,1.27,1.155,0.69,0.086332883,46.0375,27.62098571,10.64121429,31.9254,4.745914286,4.582041667,2.51E-07,1.40E-06,4.74E-08,4.85E-08,5.17E-08,2.659923155,0.511351142,147.8086351,19.94774123,5.287820767,1.277027027,0.012387981,0.693331576,1.156089194,9.700449108,0.38525831,0.092733711,0.938104449,55.56876138,120.9710143,8.884166667,14.711854,24.19420286,8.26E-07,4.92E-08,50.32663646,4.47875,6.517833333,18.8724889,4.69435411,0.927865961,0.630337265,1.010777218,0.358346716,0.936882248,0.590551794,0.024671872,4.232323228,0.471008473
CHEROKEE SPRINGS,LL6 CHONDRITE,LL,44.16333333,0.136666667,2.56,19.18333333,24.56666667,0.38,2.37,1.163333333,0.13,0.286666667,0.256666667,19.616,0.3544,0.2676,15.27,1.32,1.122,0.709,0.102,24.54992981,13.17998238,5.474369926,16.57053116,2.46120435,4.582041667,1.90E-07,4.19E-05,2.88E-08,2.90E-08,3.53E-08,4.65E-09,4.60E-09,6.23E-05,17.775,5.84,1.284610347,0.015468114,0.780868385,1.080168776,9.974762887,0.415354874,0.004534065,0.821749409,7225.933511,62.23601762,9.4525,14.41033333,12.44720352,2.10E-05,3.10E-08,2.08E-05,4.60525,6.746,1.31E-05,4.845125,0.977943176,0.556268398,0.936362988,0.370432013,1.009447619,0.56152381,0.029285229,3.811855667,0.444169371
YAMATO 790397,LL,LL,39.73,0.12,2.04,19.42,25.38,0.35,1.68,1,0.11,0.25,0.58,19.49,0.397,0.27,15.3,1.2,1.08,0.74,0.072,0.266,0.157,0.0687,0.188,0.0299,3.34,0.291231887,37.51958077,0.297640698,0.147591965,0.204394768,2.659923155,0.511351142,147.8086351,19.49,5.68,1.273856209,0.013790386,0.765169425,1.214285714,8.89632107,0.437579618,0.007762131,0.722092672,55.56876138,0.7096,8.8175,14.88666667,0.14192,18.90540633,0.216542477,50.32663646,4.58,6.719,23.68004368,4.818625,0.996408415,0.638811981,1.072540101,0.399878435,0.886830357,0.566517857,0.027938585,3.351351348,0.490561289
VAVILOVKA,LL6 CHONDRITE,LL,39.91,0.42,2.47,18.375,25.505,0.635,1.805,1.485,0.22,0.3,0.285,19.36333333,0.251,0.41,15.38,1.29,1.271666667,0.964,0.252,24.54992981,13.17998238,5.474369926,16.57053116,2.46120435,4.582041667,4.50E-07,1.45E-05,1.30E-07,9.90E-08,1.41E-07,2.10E-08,1.32E-08,5.34E-05,20.045,6.71,1.258994365,0.024897079,0.720446971,1.368421053,9.974762887,0.415354874,0.031034483,0.70212766,2542.857143,62.23601762,9.04125,15.37277778,12.44720352,7.48E-06,1.23E-07,1.78E-05,4.726416667,6.674777778,8.59E-06,4.89775,0.948958513,0.639062891,1.035394054,0.370432013,0.90952598,0.581244303,0.042721123,2.507331377,0.485174977
DOUAR MGHILA,LL6 CHONDRITE,LL,39.55,0.19,2.92,18.84,26,0.3,2.33,0.94,0.24,0.25,0.31,19.85,0.212,0.232,15.68,1.67,1.545,0.7,0.114,24.54992981,13.17998238,5.474369926,16.57053116,2.46120435,4.582041667,2.54E-07,1.28E-05,5.20E-08,5.20E-08,5.98E-08,1.48E-08,6.80E-09,6.59E-05,19.85,6.06,1.265943878,0.011538462,0.724615385,1.253218884,9.974762887,0.415354874,0.01984375,0.869565217,4452.702703,62.23601762,9.06625,15.25333333,12.44720352,6.53E-06,5.46E-08,2.20E-05,4.89875,6.764666667,9.89E-06,5.000375,0.949118388,0.657395702,1.055804097,0.370432013,0.882024978,0.579839429,0.029835651,4.449152539,0.501896334
ST. MESMIN,LL6 CHONDRITE,LL,42.506,0.214,4.058,19.87,25.712,0.37,2.408,1.034,0.126,0.206,0.484,17.08333333,0.444666667,0.291,15.75,1.726666667,1.910666667,0.79,0.13,24.54992981,13.17998238,5.474369926,16.57053116,2.46120435,4.582041667,4.06E-07,0.000533371,1.90E-06,6.03E-08,2.11E-07,8.41E-08,2.12E-08,5.74E-05,16.9375,4,1.084656085,0.014390168,0.772790915,1.685215947,9.974762887,0.415354874,0.000760571,0.427861287,682.3793787,62.23601762,9.5525,12.67361111,12.44720352,0.000266888,7.24E-07,1.92E-05,5.044333333,5.939666667,7.42E-05,4.765791667,1.163121951,0.604902837,0.978910746,0.370432013,0.932517222,0.564082313,0.027290265,5.574137926,0.401904045
YAMATO 790723,LL,LL,39.51,0.09,2.45,13.39,24.32,0.33,1.73,1.04,0.11,0.26,0.57,20.52,0.366,0.255,14.67,1.24,1.297,0.77,0.054,0.317333333,0.197,0.0811,0.2145,0.035433333,4.105,0.291231887,37.51958077,0.297640698,0.147591965,0.204394768,2.659923155,0.511351142,147.8086351,20.52,7.24,1.398773006,0.013569079,0.550575658,1.416184971,8.955785513,0.411675127,0.007762131,0.722092672,55.56876138,0.845366667,8.71875,16.09333333,0.169073333,18.90540633,0.216542477,50.32663646,4.49425,7.047,23.68004368,4.8965,0.652534113,0.61554037,0.89871306,0.394524602,1.047732697,0.644921771,0.029106555,3.634782606,0.519362187
YAMATO 790519,LL,LL,39.355,0.155,2.21,20.285,25.665,0.345,1.85,0.89,0.115,0.195,0.585,17.55,0.384666667,0.267,15.45,1.325,1.17,0.66,0.093,0.388666667,0.226333333,0.076233333,0.212,0.031366667,4.77,0.291231887,37.51958077,0.297640698,0.147591965,0.204394768,2.659923155,0.511351142,147.8086351,21.485,4.86,1.13592233,0.013442431,0.790375998,1.194594595,12.39107333,0.336818851,0.007762131,0.722092672,55.56876138,0.9346,8.828125,14.63166667,0.18692,18.90540633,0.216542477,50.32663646,4.65125,6.067222222,23.68004368,4.612458333,1.155840456,0.65214077,1.105497414,0.34801881,0.856474429,0.558541893,0.025536781,4.039800991,0.445940795
YAMATO 790345,LL,LL,39.35,0.23,1.86,20.06,25.54,0.32,1.85,0.96,0.09,0.28,0.59,21.1,0.378,0.248,15.4,1.32,0.984,0.712,0.138,0.2955,0.189,0.0792,0.199,0.0364,3.46,0.291231887,37.51958077,0.297640698,0.147591965,0.204394768,2.659923155,0.511351142,147.8086351,21.13,6.77,1.37012987,0.012529366,0.785434612,1.005405405,8.118131868,0.419047619,0.007762131,0.722092672,55.56876138,0.7991,8.78125,16.33333333,0.15982,18.90540633,0.216542477,50.32663646,4.604,7.242,23.68004368,5.035,0.9507109,0.649047014,1.106527542,0.408383079,0.862938596,0.560087719,0.026683609,3.53333333,0.536213469
YAMATO 74663,LL6 CHONDRITE,LL,40.4,0.06,2.09,19.63,26.41,0.34,1.59,0.94,0.07,0.26,0.52,20.3,0.356,0.263,15.9,1.14,1.11,0.697,0.036,24.54992981,13.17998238,5.474369926,16.57053116,2.46120435,4.582041667,2.46E-07,8.16E-06,3.18E-08,3.12E-08,3.93E-08,7.65E-09,5.30E-09,4.88E-05,20.32,4.77,1.27672956,0.012873911,0.743279061,1.314465409,9.974762887,0.415354874,0.030104231,0.792620865,6379.084967,62.23601762,9.0125,15.13,12.44720352,4.20E-06,3.41E-08,1.63E-05,4.71175,6.973,7.16E-06,4.97525,0.966995074,0.653712871,1.08354907,0.370432013,0.877497828,0.573631625,0.025,3.643564353,0.502475248
YAMATO 790757,LL,LL,39.56,0.15,2.96,17.37,26.33,0.36,1.79,0.87,0.09,0.45,0.47,20.05,0.322,0.278,15.88,1.28,1.567,0.65,0.09,0.317,0.204,0.0864,0.236,0.0366,7.3,0.291231887,37.51958077,0.297640698,0.147591965,0.204394768,2.659923155,0.511351142,147.8086351,20.05,5.97,1.262594458,0.013672617,0.65970376,1.653631285,8.661202186,0.423529412,0.007762131,0.722092672,55.56876138,0.88,9.05125,15.35666667,0.176,18.90540633,0.216542477,50.32663646,4.84425,6.883333333,23.68004368,5.014625,0.866334165,0.665571284,1.027751646,0.393770027,0.905263158,0.602517162,0.024266936,4.947916662,0.506825076
YAMATO 74646,LL6 CHONDRITE,LL,40.13,0.15,2.815,19.535,25.41,0.35,1.77,0.95,0.12,0.245,0.67,19.85,0.4585,0.2705,16.63333333,1.42,1.49,0.705,0.09,0.326,0.212,0.0873,16.57053116,0.0364,3.62,0.291231887,37.51958077,0.297640698,0.147591965,0.204394768,2.659923155,0.511351142,147.8086351,19.82,5.05,1.193386774,0.013774105,0.768791814,1.59039548,8.956043956,0.411792453,0.007762131,0.722092672,55.56876138,17.23223116,8.97375,14.90666667,3.446446232,18.90540633,0.216542477,50.32663646,5.062083333,6.859666667,23.68004368,5.114666667,0.984130982,0.633192126,1.046571196,0.046577706,0.892869062,0.565357659,0.026663344,4.285046725,0.494642412
OTTAWA,LL6 CHONDRITE,LL,39.72,0.168,2.21,18.54,25.66,0.364,1.68,0.8,0.146,0.24,0.56,20.52,0.38,0.269,15.47,1.2,1.155,0.632,0.101,24.54992981,13.17998238,5.474369926,16.57053116,2.46120435,4.582041667,7.80E-07,1.65E-05,0.297640698,1.37E-07,0.204394768,2.70E-08,2.20E-08,3.05E-05,21.24,6.31,1.326438268,0.014185503,0.722525331,1.31547619,9.974762887,0.415354874,0.047272727,0.427861287,1129.62963,62.23601762,8.8525,16.02333333,12.44720352,8.64E-06,0.167345201,1.02E-05,4.61425,7.056333333,0.062760429,4.965875,0.903508772,0.646022155,1.054137849,0.370432013,0.898642534,0.580542986,0.023816717,4.112050736,0.516616314
LAKE LABYRINTH,LL6 CHONDRITE,LL,40.17,0.115,2.915,18.2,25.72,0.405,2.025,1.205,0.135,0.32,0.51,19.7025,0.34875,0.2888,15.51,1.393333333,1.33425,0.765,0.0695,24.54992981,13.17998238,5.474369926,16.57053116,2.46120435,4.582041667,1.94E-07,9.30E-06,0.297640698,4.13E-08,0.204394768,9.30E-09,6.80E-09,2.91E-05,20.08,5.845,1.270309478,0.015746501,0.707620529,1.439506173,9.974762887,0.415354874,0.020860215,0.427861287,3129.032258,62.23601762,9.111875,15.20916667,12.44720352,4.75E-06,0.167345169,9.71E-06,4.750645833,6.780016667,0.062759265,4.926516667,0.923740642,0.640278815,1.019380295,0.370432013,0.914617486,0.5856102,0.033358228,3.686567161,0.490477969
